-- phpMyAdmin SQL Dump
-- version 5.0.4
-- https://www.phpmyadmin.net/
--
-- Хост: 127.0.0.1:3306
-- Время создания: Май 05 2021 г., 19:48
-- Версия сервера: 5.7.29
-- Версия PHP: 7.3.26

SET SQL_MODE = "NO_AUTO_VALUE_ON_ZERO";
START TRANSACTION;
SET time_zone = "+00:00";


/*!40101 SET @OLD_CHARACTER_SET_CLIENT=@@CHARACTER_SET_CLIENT */;
/*!40101 SET @OLD_CHARACTER_SET_RESULTS=@@CHARACTER_SET_RESULTS */;
/*!40101 SET @OLD_COLLATION_CONNECTION=@@COLLATION_CONNECTION */;
/*!40101 SET NAMES utf8mb4 */;

--
-- База данных: `asos`
--

-- --------------------------------------------------------

--
-- Структура таблицы `items`
--

CREATE TABLE `items` (
  `id` int(11) NOT NULL,
  `name` int(11) NOT NULL,
  `image` int(11) NOT NULL,
  `price` int(11) NOT NULL
) ENGINE=InnoDB DEFAULT CHARSET=utf8mb4 COLLATE=utf8mb4_unicode_ci;

-- --------------------------------------------------------

--
-- Структура таблицы `menu`
--

CREATE TABLE `menu` (
  `id` int(111) NOT NULL,
  `name` varchar(255) COLLATE utf8mb4_unicode_ci NOT NULL,
  `category` varchar(255) COLLATE utf8mb4_unicode_ci NOT NULL,
  `key` int(255) NOT NULL,
  `parent` int(255) NOT NULL DEFAULT '0'
) ENGINE=InnoDB DEFAULT CHARSET=utf8mb4 COLLATE=utf8mb4_unicode_ci;

--
-- Дамп данных таблицы `menu`
--

INSERT INTO `menu` (`id`, `name`, `category`, `key`, `parent`) VALUES
(1, 'Жидкости', 'liquid', 1, 0),
(2, 'Электронные устройства', 'mod', 2, 0),
(7, 'Атомайзеры', 'Athom', 3, 0),
(8, 'Аксесуары', 'Shit', 8, 0),
(9, 'Самозамес', 'DIY', 9, 0);

-- --------------------------------------------------------

--
-- Структура таблицы `menu_child`
--

CREATE TABLE `menu_child` (
  `id` int(111) NOT NULL,
  `menu_id` int(111) NOT NULL,
  `name` varchar(111) COLLATE utf8mb4_unicode_ci NOT NULL,
  `key` varchar(111) COLLATE utf8mb4_unicode_ci NOT NULL
) ENGINE=InnoDB DEFAULT CHARSET=utf8mb4 COLLATE=utf8mb4_unicode_ci;

--
-- Дамп данных таблицы `menu_child`
--

INSERT INTO `menu_child` (`id`, `menu_id`, `name`, `key`) VALUES
(1, 2, 'Бокс моды', 'Box'),
(2, 2, 'Мех моды', 'Meh'),
(3, 1, 'Солевые жидкости', 'liquidsalt'),
(4, 1, 'Жидкости без никотина', 'liquidfree'),
(5, 7, 'Дрипки', 'Drips'),
(6, 8, 'Аксессуры', 'Shit'),
(7, 8, 'Испарители', 'Ispars'),
(8, 8, 'Аккумуляторы', 'Acums'),
(9, 7, 'Баки', 'Athomizers'),
(10, 2, 'Системы нагревания табака, одноразки', 'Electric'),
(11, 8, 'Кантал, нихром, нержавейка', 'Kantal'),
(12, 9, 'Все для самозамеса', 'DIY');

-- --------------------------------------------------------

--
-- Структура таблицы `products`
--

CREATE TABLE `products` (
  `id` int(111) NOT NULL,
  `Name` varchar(42) CHARACTER SET utf8 DEFAULT NULL,
  `Price` int(11) DEFAULT NULL,
  `Image` varchar(9) CHARACTER SET utf8 DEFAULT NULL,
  `Desc` varchar(3592) CHARACTER SET utf8 DEFAULT NULL,
  `Type` varchar(10) CHARACTER SET utf8 DEFAULT NULL
) ENGINE=InnoDB DEFAULT CHARSET=utf8mb4 COLLATE=utf8mb4_unicode_ci;

--
-- Дамп данных таблицы `products`
--

INSERT INTO `products` (`id`, `Name`, `Price`, `Image`, `Desc`, `Type`) VALUES
(1, ' Атомайзер Svoemesto Kayfun Prime (клон)', 1500, '1276.jpg', '<p>Кайфун Прайм - это исключительно MTL-ный атомайзер. (\"MTL\" - \"mouth to lung\" - \"изо рта в лёгкие\" - \"тугая, сигаретная затяжка\")<br/>_x000D_\nОн унаследовал функционал и внешний дизайн Кайфуна 5, но внутри полностью переработан и настроен специально под \"сигаретную\" затяжку.<br/>\n<br/>_x000D_\nТермобезопасный дриптип из POM (с гравировкой)<br/>_x000D_\nВерхняя заправка<br/>_x000D_\nБоросиликатное стекло<br/>_x000D_\nПолностью регулируемая подача жидкости<br/>_x000D_\nИзолятор из PEEK<br/>_x000D_\nВнешняя регулировка обдува<br/>_x000D_\nНержавеющая сталь марки 316L<br/>_x000D_\n510-й коннектор<br/>\n<br/>_x000D_\nДиаметр: 22 мм<br/>_x000D_\nВысота: 45.5 мм (без дриптипа)<br/>_x000D_\nЁмкость бака: 2 мл (4.5 мл с увеличенным баком, в комплект не входит)<br/>\n</p>', 'Athomizers'),
(2, ' Атомайзер SMOK TFV8 Baby Beast', 1450, '1275.jpg', '<p>Характеристики:<br/>\n<br/>_x000D_\nРазмер: 24.5 x 59 мм<br/>_x000D_\nОбъем: 4 мл<br/>_x000D_\nКоннектор: 510<br/>_x000D_\nИспарители: X Baby Q2 dual coil - 0.4 Ом (40 - 80W) / X Baby M2 dual coil - 0.25 ом (3.7 V MECH MOD)<br/>\n<br/>_x000D_\nКомплектация:<br/>\n<br/>_x000D_\n1 x TFV8 X-Baby Tank<br/>_x000D_\n1 x Испаритель V8 X Baby Q2 0.4 Ом Dual core<br/>_x000D_\n1 x Испаритель V8 X Baby M2 0.25Ом Dual core<br/>_x000D_\n1 x Запасное стекло<br/>_x000D_\nЗапасные части<br/>_x000D_\nРуководство пользователя<br/>\n</p>', 'Athomizers'),
(3, ' Атомайзер Geek Vape Ammit MTL RTA', 2250, '1274.jpg', '<p>Основные характеристики : <br/>\n<br/>_x000D_\nОтличный, непревзойденные вкус <br/>_x000D_\nУникальный дизайн верхней крышки для предотвращения конденсации пара <br/>_x000D_\nГриффинновский стиль управления потоком обдува и подачи жидкости <br/>_x000D_\nРегулируемый позолоченный положительный Pin-контакт <br/>_x000D_\nИзогнутая конструкция камеры испарения предлагает оптимизированный воздушный поток и блестящий вкус <br/>_x000D_\nОгромная база для установки спирали. Односпиральная <br/>_x000D_\nТрехмерный воздушный поток с обеих сторон: нижней и боковой <br/>_x000D_\n2,5 мм проходы жидкости по обе стороны от спирали <br/>_x000D_\nОчень легкая установка спирали и укладка ваты <br/>_x000D_\nВерхняя система заправки бака<br/>\n<br/>_x000D_\nПоставка включает в себя: <br/>\n<br/>_x000D_\n1x Ammit RTA <br/>_x000D_\n1x Набор аксессуаров<br/>\n</p>', 'Athomizers'),
(4, ' Атомайзер Eleaf iJust 3', 1650, '1251.jpg', '<p>Бак Ello Duro, функционирующий на испарителях сеточного типа линии HW. TPD-танк имеет емкость 2 мл, расширенная версия – 6.5 мл (для этого в комплектацию входит специальное выпуклое стекло). Модель характеризуется наличием нижней системы обдува, которая выполнена в формате двух отверстий для забора воздуха, находящихся у основания девайса. Дозаправить электронную сигарету Eleaf iJust 3 можно, если сместить топ-кэп.<br/>\n</p>', 'Athomizers'),
(5, ' Атомайзер Digiflavor Siren 22', 2600, '1223.jpg', '<p>Digiflavor Siren GTA MTL Tank 22 V2 - новая версия обслуживаемого бакомайзера Siren от компании Digiflavor, выступающего в классе GTA устройств. Первая версия устройства снискала определённую популярность, но в ней было слишком много недостатков, требовавших исправления. Прислушавшись к мнению троих блогеров, разработчики доработали следующее:<br/>\n<br/>_x000D_\n- переработана система крепления спирали;<br/>\n<br/>_x000D_\n- переработан обдув спирали, позволяя создавать поток воздуха, направленный на всю длину спирали;<br/>\n<br/>_x000D_\n- переработан узел заправки бака, полностью избавляющий от резьбы;<br/>\n<br/>_x000D_\n- переработана система регулировки обдува, позволяя работать как с тугой сигаретной, так и с относительно свободной затяжкой;<br/>\n<br/>_x000D_\n- переработан купол испарительной камеры, получивший сферическую обработку.<br/>\n<br/>_x000D_\nОсновные характеристики обслуживаемого бакомайзера:<br/>\n<br/>_x000D_\nМаксимальное количество спиралей: 2;<br/>_x000D_\nСопротивление: настраиваемое;<br/>_x000D_\nЗабор воздуха: боковой;<br/>_x000D_\nОбдув: настраиваемый;<br/>_x000D_\nОбъём: 2 мл;<br/>_x000D_\nМатериал: нержавеющая сталь, пластик;<br/>_x000D_\nРазмеры: 22 мм * 41,5 мм (без учёта длины дрип типа);<br/>_x000D_\nВес: ~70 гр;<br/>_x000D_\nПроизводитель: Digiflavor;<br/>\n<br/>_x000D_\nКомплектация:<br/>\n<br/>_x000D_\n1 бакомайзер;<br/>_x000D_\n1 ремкомплект;<br/>_x000D_\n1 отвёртка;<br/>_x000D_\n1 стекло;<br/>_x000D_\n2 готовых спирали;<br/>_x000D_\n1 упаковка.<br/>\n</p>', 'Athomizers'),
(6, ' Атомайзер ADVKEN Manta RTA', 2150, '1222.jpg', '<p>Advken Manta RTA - обслуживаемый бакомайзер от компании Advken, ответственной за появление дрип атомайзеров Mad Hatter. Бак интересен своей системой стоек в базе и интересным подходом к увеличению рабочего объёма - в комплекте поставки предоставлены две колбы, прямая на 3,5 мл и \"пузатая\" на 5 мл объёма.<br/>\n<br/>_x000D_\nСопротивление: настраиваемое;<br/>_x000D_\nОбдув: нижний, настраиваемый;<br/>_x000D_\nКоннектор: 510;<br/>_x000D_\nОбъем: 3,5 / 5 мл;<br/>_x000D_\nМатериал атомайзера: нержавеющая сталь;<br/>_x000D_\nРазмеры: 24 мм / 27 мм * 46 мм (с учётом комплектного дрип типа);<br/>_x000D_\nВес атомайзера: 45 гр;<br/>_x000D_\nПроизводитель: Advken;<br/>\n</p>', 'Athomizers'),
(7, ' Атомайзер Reload RTA (клон)', 1500, '1178.jpg', '<p>Характеристики Reload RTA:<br/>\n<br/>_x000D_\nКоннектор: 510 (регулируемый).<br/>_x000D_\nКоличество спиралей: 2.<br/>_x000D_\nСопротивление: настраиваемое.<br/>_x000D_\nОбъём бака: 3.5 мл.<br/>_x000D_\nОбдув: нижний.(регулируемый)<br/>_x000D_\nМатериал изготовления: Нержавеющая сталь 304 / 24К позолота / Pyrex стекло.<br/>_x000D_\nРазмеры (ДxВ): 24 x 34 мм.<br/>_x000D_\nВес: 70 г.<br/>_x000D_\nПроизводитель: Clone.<br/>\n<br/>\n<br/>\n</p>', 'Athomizers'),
(8, ' Атомайзер Digiflavor Siren ', 2650, '1169.jpg', '<p>Любители сигаретной тяги, конечно, знают семейство баков Сирен (Сайрен). Вот и вышла вторая версия бака. <br/>_x000D_\nSiren V2 MTL GTA — это один из лучших баков MTL, признанных вейп-сообществом. Работа над ошибками была проделана не малая. Основные улучшения по сравнению с первой версией:<br/>\n<br/>_x000D_\n- Два разных 510 дрип-типов<br/>_x000D_\n- Свистящий звук устранен<br/>_x000D_\n- Добавлено меньшее отверстие регулировки потока воздуха (этого сильно не хватало в первой версии)<br/>_x000D_\n- Обновлена база, теперь имеет более широкий диапазон устанавливаемых спиралей<br/>\n<br/>_x000D_\n• Бак прост в намотке<br/>_x000D_\n• 9 опций корректировки потока воздуха для более точной настройки обдува<br/>_x000D_\n• Обновленная дека, совместимая с большим количеством устанавливаемых спиралей<br/>_x000D_\n• В комплекте и дельриновый и стальной дрип-типы<br/>\n<br/>_x000D_\nКомплектация:<br/>_x000D_\n1x Siren V2 MTL GTA<br/>_x000D_\n1x сменное стекло<br/>_x000D_\n1x 510 дриптип из Derlin<br/>_x000D_\n1x шестигранный ключ<br/>_x000D_\n1x запасные винты, о-ринги<br/>_x000D_\n1x руководство пользователя<br/>\n</p>', 'Athomizers'),
(9, ' Атомайзер IJOY RDTA 5s', 1800, '1007.jpg', '<p>Емкость: 2.6 мл<br/>_x000D_\nДиаметр: 24 мм<br/>_x000D_\nРегулировка подачи жидкости: нет<br/>_x000D_\nДрип-тип: 810<br/>_x000D_\nТип стоек: Velocity<br/>\n</p>', 'Athomizers'),
(10, ' Атомайзер Geek Vape Ammit 25 Dual Coil', 2150, '968.jpg', '<p>Емкость: 2 мл или 5 мл<br/>_x000D_\nДиаметр: 25 мм<br/>_x000D_\nВес: 62 г<br/>_x000D_\nВысота (с комплектным дрип-типом): 48 мм<br/>_x000D_\nВарианты цвета: синий.<br/>_x000D_\nРегулировка подачи жидкости: да<br/>_x000D_\nДрип-тип: 510 и 810<br/>_x000D_\nТип стоек: безстоечная.<br/>\n</p>', 'Athomizers'),
(11, ' Атомайзер Kayfun V5 mini (клон)', 1500, '967.jpg', '<p>Емкость: 2 мл<br/>_x000D_\nДиаметр: 22 мм<br/>_x000D_\nВес: 72 г<br/>_x000D_\nВысота (с комплектным дрип-типом): 76 мм<br/>_x000D_\nВарианты цвета: стальной, черный.<br/>_x000D_\nРегулировка подачи жидкости: да<br/>_x000D_\nДрип-тип: 510<br/>_x000D_\nТип стоек: рассчитан на 1 спираль, винты<br/>\n</p>', 'Athomizers'),
(12, ' Атомайзер Augvape Merlin Mini RTA', 1700, '870.jpg', '<p>Емкость: 2 мл <br/>_x000D_\nДиаметр: 24 мм <br/>_x000D_\nВес: 44 г <br/>_x000D_\nВысота (с комплектным дрип-типом):44 мм <br/>_x000D_\nВарианты цвета: черный, стальной, радужный. <br/>_x000D_\nРегулировка подачи жидкости: нет <br/>_x000D_\nДрип-тип: 510 <br/>_x000D_\nТип стоек: velocity.<br/>\n<br/>\n</p>', 'Athomizers'),
(13, ' Атомайзер IJOY RDTA 5', 2300, '796.jpg', '<p>Емкость: 4 мл <br/>_x000D_\nДиаметр: 25 мм <br/>_x000D_\nВес: 48 г <br/>_x000D_\nВысота (с комплектным дрип-типом): 54 мм <br/>_x000D_\nВарианты цвета: черный <br/>_x000D_\nДрип-тип: несменный<br/>_x000D_\nТип стоек: velocity. <br/>_x000D_\nОбдув: верхний и нижний.<br/>\n<br/>\n</p>', 'Athomizers'),
(14, ' Атомайзер IJOY Tornado 150', 1550, '620.jpg', '<p>Емкость: 4,2 мл <br/>_x000D_\nДиаметр: 25 мм <br/>_x000D_\nВес: 49 г <br/>_x000D_\nВысота (с комплектным дрип-типом): 44 мм <br/>_x000D_\nВарианты цвета: стальной<br/>_x000D_\nРегулировка подачи жидкости: нет <br/>_x000D_\nДрип-тип: нестандартный заводской<br/>\n<br/>\n</p>', 'Athomizers'),
(15, ' Атомайзер Eleaf iJust S', 1050, '423.jpg', '<p>Емкость: 4 мл <br/>_x000D_\nДиаметр: 24,5 мм <br/>_x000D_\nВес: 75 г <br/>_x000D_\nВысота (с комплектным дрип-типом): 62,5 мм <br/>_x000D_\nВарианты цвета: стальной, черный <br/>_x000D_\nРегулировка подачи жидкости: нет <br/>_x000D_\nДрип-тип: 510 <br/>\n</p>', 'Athomizers'),
(16, ' Хлопок Cotton Bacon Prime ', 350, '1280.jpg', '<p>Характеристики:<br/>\n<br/>_x000D_\n- Производитель: Wick`n`Vape, США;<br/>_x000D_\n- Материал: 100% американский хлопок;<br/>_x000D_\n- Размер одного листа: 20 x 10 x 100 мм.<br/>\n</p>', 'Kantal'),
(17, ' Хлопок Kendo Vape Cotton', 350, '1145.jpg', '<p>Kendo Vape Cotton Gold Edition - хлопок, разработанный в Японии. В современных реалиях искушённого пользователя сложно удивить такой простой вещью, как хлопок для фитиля, но производители готовы это сделать, ведь хлопок Kendo сильно отличается от привычного используемого всеми хлопка. Главное отличие разработки в том, что при правильном использовании этот хлопок не даёт абсолютно никаких посторонних вкусов с самой первой затяжки - для этого после установки фитиля в спираль необходимо слегка смочить его и лёгкой пульсацией начать разогревать спираль, постепенно добавляя жидкости на фитиль. Без этого первоначального впитывания жидкости в хлопок не произойдёт и фитиль подгорит. Также этот хлопок более устойчив к постоянному контакту с жидкостью и нагреву, что позволит фитилю прослужить дольше обычного. В упаковке хлопок поставляется скрученным в шнур длиною 1 метр.<br/>\n<br/>\n<br/>\n</p>', 'Kantal'),
(18, ' Хлопок Geek Vape', 200, '742.jpeg', '<p>Cчитается отличным материалом для изготовления фитилей для обслуживаемых атомайзеров: превосходная впитываемость, хорошая плотность, удобство использования, отсутствие посторонних привкусов.<br/>\n</p>', 'Kantal'),
(19, ' Хлопок UD Organic Cotton', 200, '741.jpg', '<p>Материал: 100% органический хлопок.<br/>_x000D_\nУпаковка: 5шт в упаковке.<br/>\n</p>', 'Kantal'),
(20, ' Хлопок Cotton Bacon ', 300, '740.jpg', '<p>Это новая версия высококачественного органического хлопка, сделанного вейперами для вейперов. Новая версия даёт более насыщенный и чистый вкус и обладает удобной формой пластин для более быстрой подготовки фитиля к установке в спирали. Продукт изготовлен в США и по своему качеству почти не имеет аналогов. Хлопок совершенно не имеет постороннего вкуса и обладает очень высокой проводимостью жидкости, а значит подойдёт для использования даже с самыми требовательными к смачиваемости спиралями.<br/>\n</p>', 'Kantal'),
(21, ' Хлопок Muji', 15, '305.jpg', '<p>Органический хлопок для изготовления фитилей. Хлопок выращен с применением органических удобрений в контролируемом биологическом хозяйстве. Неосветленный, неотбеленный. Не подвергался химической обработке.<br/>\n<br/>_x000D_\nДля изготовления фитиля следует разрезать вдоль волокон и скрутить. Рекомендуется использовать хлопковые или полимерные перчатки во избежания загрязнения продуктами, выделяемыми кожей рук.<br/>_x000D_\nРазмер листа: 50х60 мм.<br/>\n</p>', 'Kantal'),
(22, ' Спирали ', 50, '302.jpg', '<p>Готовый спирали для обслуживаемых атомайзеров<br/>_x000D_\nClapton/Twisted Clapton/Alien и т.д.<br/>\n</p>', 'Kantal'),
(23, ' Нержавеющая сталь SS316 1м', 20, '96.jpg', '<p>Нержавеющая сталь - это максимальные вкусовые характеристики!<br/>\n</p>', 'Kantal'),
(24, ' Нихром 1 м', 20, '95.jpg', '<p>Нихром -это сплав никеля и хрома, очень популярный материал для спиралей.<br/>\n</p>', 'Kantal'),
(25, ' Кантал 1м', 20, '94.jpg', '<p>Кантал (Kanthal A1) - сплав железа, хрома и алюминия, самая популярная проволока для изготовления спиралей.<br/>\n</p>', 'Kantal'),
(26, ' Мех. мод GLM V3 Mod (клон)', 1700, '1308.jpg', '<p>Мехмод GLM V3 Clone – это точная копия оригинального устройства, выполненная в классическом для мехмодов форм-факторе, рассчитанная на использование стандартного аккумулятора и оснащенная кнопкой на пружине. Немаловажная особенность этой модели относительно предыдущих  в том, что производителем было принято решение сделать мехмод более компактным для удобства использования. Для безопасного использования предусмотрен предохранитель, поворот которого блокирует кнопку.<br/>\n</p>', 'Meh'),
(27, ' Мех. мод Craving Vapor HexOhm V3.0 180W', 3990, '1307.jpg', '<p>Основные характеристики:<br/>\n<br/>_x000D_\n1) Производитель — Craving Vapor;<br/>_x000D_\n2) Тип – бокс-мод;<br/>_x000D_\n3) Напряжение – 3-6В;<br/>_x000D_\n4) Максимальный ток – 30Ам;<br/>_x000D_\n5) Максимально допустимая мощность – 180 Ватт;<br/>_x000D_\n6) Корпус из алюминия;<br/>_x000D_\n7) Плата собственного производства компании Craving Vapor;<br/>_x000D_\n8) Латунные контакты;<br/>_x000D_\n9) 10 секундная отсечка;<br/>_x000D_\n10) Защита от перезаряда;<br/>_x000D_\n11) Минимальное поддерживаемое сопротивление – 0,1Ом.<br/>\n</p>', 'Meh'),
(28, ' Мех. мод Anarchist Comp Mod V3', 2990, '1306.png', '<p>Основные характеристики:<br/>\n<br/>_x000D_\nПитание: 1х18650<br/>_x000D_\nКоннектор: 510, гибридный<br/>_x000D_\nТип кнопки: магнитная<br/>_x000D_\nКнопка: латунь<br/>_x000D_\nМатериал: латунь<br/>_x000D_\nДиаметр: 24 мм<br/>_x000D_\nВысота: 78 мм<br/>_x000D_\nКонструктивные особенности: солидно выглядящая труба с панковской гравировкой, расположенной над кнопкой. Такой магнит, как у Анархиста, вряд ли вылетит и разобьется – в нижней части он сидит плотно. То, что он там один, делает разбор кнопки довольно простым. Кнопка довольно тугая и большая – подойдет скорее для больших пальцев.Мод хорошо лежит в руке, покрытие приятно на ощупь. Батарейка внутри не ходит, ход кнопки легкий, но при этом довольно глубокий – палец надо сильно утапливать, чтобы мод жарил.<br/>\n<br/>_x000D_\nКомплектация:<br/>\n<br/>_x000D_\nМехмод Anarchist Comp Mod V3<br/>_x000D_\nМехмод поставляется в большом белом картонном тубусе с эмблемой компании и названием мода.<br/>\n<br/>\n</p>', 'Meh'),
(29, ' Мех. мод El Thunder (клон)', 2000, '1273.jpg', '<p>El Thunder - отечественный механический мод, за разработку и создание которого ответственна команда обзорщиков Viva La Cloud. Несмотря на то, что в механических модах сложно создать что-то по-настоящему новое, здесь применено несколько интересных технических решений, улучшающих производительность и токоотдачу.<br/>\n<br/>_x000D_\nКлючевые особенности механиечского мода El Thunder:<br/>_x000D_\nНа первый взгляд батарейный блок представляет собой классическую трубу с единственной кнопкой \"Fire\", которая расположена в нижней части устройства. Несмотря на массивные габариты в 26 мм диаметра в качестве элемента питания используется аккумулятор стандарта 18650, который необходимо приобретать отдельно. Если в сочетании с этим модом планируется использовать баки и дрип атомайзеры с сабОмными намотками, рекомендуется использовать аккумуляторы с токоотдачей 25А и выше;<br/>_x000D_\nКоннекторная часть выполнена по стандарту 510, соединение с атомайзером здесь выполнено гибридным, то есть плюсовой пин атомайзера будет напрямую контачить с аккумуляторной батареей. Ввиду этого рекомендуется следить за состоянием своих аккумуляторов и ни в коем случае не использовать атомайзеры, у которых плюсовой пин не выступает из коннекторной части. Гибридное соединение для уменьешния токопотерь является частью батарейного блока, поэтому доступ к замене аккумуляторной батареи производится только через снятие кнопки устройства;<br/>_x000D_\nШирина коннекторной площадки несмотря на обзий диаметр в 26 мм составляет 24 мм, что отлично будет визуально сочетаться с большинством популярных дрип атомайзеров и атомайзеров;<br/>_x000D_\nКорпус батарейного блока выполнен с эргономичной выемкой, в которой расположилась гравировка с названием устройства - El Thunder - и серийным номером конкретного экземпляра изделия. В комплекте с устройством поставляются два вейпбенда, которые можно использовать в качестве заглушки данной выемки, чтобы сделать внешний вид устройства более монолитным. Кроме комплектных вейпбендов подойдут любые с шириной 7-8 мм;<br/>_x000D_\nОсновной фокус производительности устройства находится в конструкции его кнопки. Так, разработчиками применена цанговая контактная система. Главным ее отличием считается тот факт, что она сильно снижает переходное сопротивление, а также позволяет нажиматься внопке равномерно по всей её площади, что положительным образом влияет на токоотдачу. В кнопке установлена пружина, соединение с аккумулятором изолировано пластиковой вставкой;<br/>_x000D_\nКонструкция кнопки также убирает необходимость подстройки механического мода под длину конкретного аккумулятора;<br/>_x000D_\nБлокировка кнопки в механическом моде отсутствует, сама кнопка расположена внутри корпуса устройства, что предотвращает её случайное нажатие при установке на стол;<br/>_x000D_\nБатарейный блок представлен в трёх вариантах исполнения - обычная латунь без дополнительной окраски, цвет Tactical (серый) и Stone (чёрный);<br/>_x000D_\nПрекрасно выглядящий механический мод с минимальными токопотерями и интересной конструкцией кнопки послужит прекрасным дополнением в арсенале каждого любителя огромных облаков пара;<br/>\n</p>', 'Meh'),
(30, ' Мех. мод Broadside V2 18650/20700 (клон)', 1500, '1245.jpg', '<p>Комплектация:<br/>_x000D_\nBroadside V2 Style Mechanical Mod<br/>_x000D_\nЧехол<br/>_x000D_\nПереходник под аккумуляторы 18650<br/>_x000D_\nЗапасные оринги<br/>_x000D_\nИнструкция<br/>_x000D_\nОсновные характеристики:<br/>_x000D_\nВысота — 99 мм<br/>_x000D_\nДиаметр площадки под атомайзер — 24 мм<br/>_x000D_\nКоннектор с подстройкой под высоту аккумулятора<br/>_x000D_\nЛепестковая контактная группа<br/>_x000D_\nРаботает от аккумуляторов 18650 и 20700<br/>\n</p>', 'Meh'),
(31, ' Мех. мод GLM V2  (клон)', 1700, '1244.jpg', '<p>Мехмод GLM V2 (клон) - уникальная конструкция, главной особенностью которой является специально разработанная система постоянного контакта с АКБ с антипригарной посеребрённой проставкой и очень стильный анатомический дизайн. Мод рассчитан на работу с одним аккумулятором 18650 и имеет 510 гибридный коннектор. Диаметр коннекторной площадки имеет диаметр 24.5 mm, что требует установки соответствующего атомайзера.<br/>\n<br/>_x000D_\nВ устройстве предусмотрены механическая защита кнопки от нажатия и защита от включения при отсутствии дрипки.<br/>\n</p>', 'Meh'),
(32, ' Мех. мод Broadside mod (клон)', 1500, '1119.jpg', '<p>Broadside — механический мод с высокопроизводительной «лепестковой» кнопкой.<br/>\n<br/>_x000D_\nБлокировка кнопки Нет, не требуется<br/>_x000D_\nВес, г. 170<br/>_x000D_\nДиаметр корпуса, мм. 25<br/>_x000D_\nКоличество аккумуляторов 1<br/>_x000D_\nКоннектор 510<br/>_x000D_\nМатериал корпуса Латунь<br/>_x000D_\nРасположение кнопки Нижнее<br/>_x000D_\nТип аккумулятора 1х18650 (в комплект не входит)<br/>_x000D_\nЦентральный контакт Отсутствует<br/>_x000D_\nВысота корпуса, мм. 94<br/>\n<br/>_x000D_\nВНИМАНИЕ! Не допускается использование атомайзеров с утопленным центральным контактом в коннекторе. Положительный контакт атомайзера должен быть на резьбе и выступать не менее, чем на 0.5мм.<br/>\n<br/>\n</p>', 'Meh'),
(33, ' Мех.мод Subzero SE + дрипка (клон)', 2150, '1272.jpg', '<p>Основные характеристики:<br/>\n<br/>_x000D_\n-Материал: Медь<br/>_x000D_\n-Диаметр: 25 мм<br/>_x000D_\n-Тип коннектора: гибридный<br/>_x000D_\n-Тип кнопки: Пружинная, с постоянным контактом<br/>_x000D_\n-Количество аккумуляторов: 1х18650 (приобретается отдельно)<br/>_x000D_\n-Блокировка кнопки: Есть<br/>\n</p>', 'Meh'),
(34, ' Одноразовое эл. уст-во UDN U9', 350, '1309.jpg', '<p>UDN U9 – компактная электронная сигарета . Это устройство оснащено встроенным аккумулятором, его емкость составляет 280 мАч. Заряда батареи аккумулятора хватает на 300 затяжек. Встроенный испаритель на 1.5 мл с сопротивлением 1,8 Ом.<br/>_x000D_\nВ гаджете используется жидкость с солевым никотином. Ее крепость может быть 3,5 и 5% или как привычно для вейперов — 35 и 50 мг/мл.<br/>\n<br/>_x000D_\nВкусы:<br/>_x000D_\n-Яблоко<br/>_x000D_\n-Фруктовый пирог<br/>_x000D_\n-Табак <br/>_x000D_\n-Освежающий манго<br/>_x000D_\n-Освежающий виноград<br/>_x000D_\n-Освежающий арбуз<br/>_x000D_\n-Освежающий личи<br/>_x000D_\n-Освежающая кола<br/>_x000D_\n-Мята<br/>_x000D_\n-Манговый пирог<br/>_x000D_\n-Кофе<br/>\n</p>', 'Electric'),
(35, ' Одноразовая эл.сигарета HQD', 350, '1303.jpg', '<p>HQD<br/>_x000D_\nИдеальное решение для потребителей никотина, реальная альтернатива обычным сигаретам.<br/>\n<br/>_x000D_\nРазмеры: 80х20х12 мм. <br/>_x000D_\nВес: 12 г. <br/>_x000D_\nОбъем батареи: 280 ампер в час <br/>_x000D_\nМощность: 7~12 вольт <br/>_x000D_\nНапряжение: 3.7 ватт <br/>_x000D_\nОбъём жидкости: 1.25 мл. <br/>_x000D_\nКонцентрация: 50 мг/мл.<br/>\n<br/>\n<br/>\n</p>', 'Electric'),
(36, ' Эл.уст-во Smok AL 85W TC + TFV 8 Baby		', 3500, '1302.jpg', '<p> Комплектация:<br/>_x000D_\n1* AL85 Мод<br/>_x000D_\n1* TFV8 Baby атомайзер<br/>_x000D_\n1* V8 Baby-Q2 испаритель (0.4ohm dual coils)(предустановлен)<br/>_x000D_\n1* V8 Baby-Q2 испаритель (0.6ohm dual coils)<br/>_x000D_\n1* USB кабель<br/>_x000D_\n1* Руководство<br/>_x000D_\n+всякие расходники (запасные оринги, вейп-бенд)<br/>\n</p>', 'Electric'),
(37, ' Система нагрева табака glo™ pro', 2500, '1301.png', '<p>Инновационная* технология нагревания табака glo с функцией boost.<br/>\n<br/>_x000D_\nБолее насыщенный** вкус одной кнопкой.<br/>\n<br/>_x000D_\n10 секунд - и устройство готово к использованию.<br/>\n<br/>_x000D_\nДо 20 сессий на одном заряде.<br/>\n<br/>_x000D_\nСтартовый набор включает:<br/>_x000D_\nустройство для нагревания Glo<br/>_x000D_\nUSB-кабель<br/>_x000D_\nщеточка для чистки<br/>_x000D_\nсетевой адаптер<br/>\n<br/>_x000D_\nХарактеристики<br/>_x000D_\nТип устройства:Система нагревания табака<br/>_x000D_\nПроизводитель:British American Tobacco<br/>_x000D_\nЕмкость аккумулятора:3000 мАч<br/>_x000D_\nСеансы:20<br/>_x000D_\nВремя зарядки держателя:Моноблок<br/>_x000D_\nВремя зарядки устройства:90-120 мин.<br/>_x000D_\nТемпература нагрева:240<br/>_x000D_\nРазмеры:82 x 43 x 21 мм<br/>_x000D_\nСтрана:Китай<br/>_x000D_\nBluetooth:Нет<br/>\n<br/>\n</p>', 'Electric'),
(38, ' Система нагрева табака glo™ nano', 2500, '1300.jpg', '<p>  Glo – это система нагревания табака, выпускаемая компанией British American Tabacco. Одной из новинок бренда стала электронная сигарета glo nano, которая отличается от предыдущих версий не только по цене и размерам, но и по комплектации и основным характеристикам. <br/>\n</p>', 'Electric'),
(39, ' Система нагрева табака glo™ 2 mini', 1299, '1299.jpg', '<p>Новое устройство Glo 2 Mini отличается от своего старшего собрата своим более компактным размером, а система работы та же, табачные стики нагреваются до температуры 240 ± 5 °C, что позволяет извлекать все ароматы, избегая горения стиков. Устройство выпускается в восьми цветах и вы сможете подобрать цвет под свое настроение. Возможные цвета: желтый, оранжевый, зеленый, бирюзовый, синий, фиолетовый, красный, черный.<br/>_x000D_\nЕмкость батареи в 2250 мАч,  заряда хватает на 15 использований<br/>\n<br/>_x000D_\nКомплектация: <br/>\n<br/>_x000D_\n- Устройство glo<br/>\n<br/>_x000D_\n- Щеточка для очистки<br/>\n<br/>_x000D_\n- USB-кабель<br/>\n<br/>_x000D_\nХарактеристика:<br/>\n<br/>_x000D_\n- Емкость аккумулятора 2250 мАч<br/>\n<br/>_x000D_\n- Габариты: 82 мм x 41 мм x 20 мм <br/>\n<br/>_x000D_\n- Вес 85 гр<br/>\n<br/>\n</p>', 'Electric'),
(40, ' Система нагрева табака glo™ 2.0', 1299, '1298.jpg', '<p>glo™ — это современная электронная система нагрева табака, которая минимизирует количество токсичных веществ, смол и запаха при употреблении. Как утверждают разработчики, такая технология даёт в среднем на 90% меньше токсинов, по сравнению с дымом обычной сигареты. Обычная сигарета горит в среднем при 900°, в glo™ табак не горит, а нагревается до 240-245°, благодаря чему количество дыма и запаха снижается к минимуму, а вкус табака максимально раскрывается (по утверждению BAT).<br/>\n</p>', 'Electric'),
(41, ' Эл.уст-во Smok RPM40 ', 2350, '1297.png', '<p>Набор SMOK RPM 40 Pod Mod - это девайс, который совмещает в себе функциональность обычного бокс-мода, но в тоже время используется система испарения жидкости традиционного PODа. Батарейная часть оснащена цветным дисплеем с помощью которого можно устанавливать оптимальную мощность от 1 до 40 Вт. Девайс имеет аккумулятор мощностью 1500 мАч. Картридж на 4,3/4,5 мл совместим с испарителями серий Nord и RPM. <br/>\n<br/>_x000D_\nSMOK RPM 40 Pod оснащен чипсетом LQ-R со временем отклика всего 0,001 сек, что для такого девайса отличный показатель.<br/>\n<br/>_x000D_\nКомплектация:<br/>\n<br/>_x000D_\nSMOK RPM 40 Pod Mod<br/>_x000D_\nКартридж RPM Standard Pod 4,3 мл с испарителем RPM Mesh 0.4 Ом<br/>_x000D_\nКартридж RPM Nord Pod 4,5 мл с испарителем NORD DC 0.6 Ом<br/>_x000D_\nUSB кабель<br/>_x000D_\nИнструкция<br/>_x000D_\nФирменная коробка<br/>\n</p>', 'Electric'),
(42, ' Эл.уст-во Innokin EQs 		', 1500, '1296.jpg', '<p>Innokin EQs Pod Kit – эргономичная электронная сигарета, разработанная для пользователей с амбициями. Данный вейпинг-продукт станет актуальным девайсом для парильщиков с любым стажем! Работает Innokin EQs Kit на аккумуляторе, емкость которого составляет встроенного 800 mAh мАч. Такого ресурса в комплексе со сменными испарителями достаточно для продолжительного и вкусного парения.<br/>\n<br/>_x000D_\nХарактеристики EQs Pod Kit<br/>\n<br/>_x000D_\nРазмер: 90 мм х 35 мм х 15 мм<br/>\n<br/>_x000D_\nЕмкость аккумулятора: встроенного 800 mAh<br/>\n<br/>_x000D_\nМаксимальная мощность: 9-15 ВТ<br/>\n<br/>_x000D_\nРежимы работы: WV<br/>\n<br/>_x000D_\nОбъем резервуара для жидкости: 2 мл<br/>\n<br/>_x000D_\nТип коннектора: 510<br/>\n</p>', 'Electric'),
(43, ' Эл.уст-во Smoant Pasito Pod Kit		', 2250, '1295.jpg', '<p>Набор Smoant Pasito Pod System с картриджами оснащён аккумулятором большой ёмкости, блистает привлекательным дизайном и предлагает пользователю расширенные возможности по обслуживанию картриджей.<br/>\n<br/>_x000D_\nОсобенности<br/>_x000D_\nSmoant Pasito Pod Kit располагает двумя типами испарителей на выбор – Smoant Pasito MTL и DTL Mesh. Всё зависит от того, являетесь вы фанатом кальянной, либо сигаретной затяжки. В первом случае вы почувствуете незабываемую яркость вкуса на новейших сеточных спиралях, а во втором насладитесь истинной тугой затяжке на классической спирали малого диаметра.<br/>\n<br/>_x000D_\nЦенители кастомизации будут приятно удивлены pod-системой Smoant Pasito – помимо стандартных испарителей вы можете установить опциональный расходник с обслуживаемой базой, которая представлена весьма знакомой конструкцией стоек, весьма простых в обращении. Дополнительная подстройка обдува возможна при помощи специального рычажка на самом верху картриджа. Двигайте его и настраивайте именно тот тип обдува, который нравится вам!<br/>\n<br/>_x000D_\nВкус вашей любимой жидкости не поменяется даже на истощённом заряде аккумулятора, так как Smoant Pasito сам просчитывает оптимальные параметры напряжения, при которых вы получите наилучшее качество парения.<br/>\n<br/>_x000D_\nНезабываемый стиль боковых панелей Smoant Pasito Vape Pod – одна из множества причин, по которым вы точно влюбитесь в этот девайс.<br/>\n<br/>\n<br/>_x000D_\nКомплектация:<br/>_x000D_\nБатарейный мод Smoant Pasito<br/>_x000D_\nКартридж Smoant Pasito<br/>_x000D_\nИспаритель Smoant MTL Ni80 1,4 Ом<br/>_x000D_\nИспаритель Smoant DTL Mesh 0,6 Ом<br/>_x000D_\nКабель для зарядки Type C<br/>_x000D_\nРуководство пользователя<br/>_x000D_\nГарантийный талон<br/>\n</p>', 'Electric'),
(44, ' Эл.уст-во JUUL Simple', 999, '1294.jpg', '<p>Электронная сигарета JUUL SIMPLE - отличный выбор для любого парильщика, со стажем и без. Набор Simple Kit by Juul состоит из аккумулятора, емкостью встроенного 200 mAh мАч и работает на сменных испарителях, которые отлично передают вкус жидкости и генерируют достаточное количество пара. Резервуар для жидкости в Джул Симпл имеет верхнюю заправку и вмещает в себя 0,7 мл мл жидкости. Набор JUUL SIMPLE представлен в следующих цветах: серый, стальной<br/>\n<br/>\n<br/>\n</p>', 'Electric'),
(45, ' Эл.уст-во JTI Logic Compact 	', 1300, '1293.jpg', '<p>Характеристики<br/>_x000D_\nПроизводитель:<br/>_x000D_\nJTI<br/>_x000D_\nТип устройства:<br/>_x000D_\nГотовый набор<br/>_x000D_\nТип затяжки:<br/>_x000D_\nСигаретная<br/>_x000D_\nМаксимальная мощность:<br/>_x000D_\n8 Вт<br/>_x000D_\nЕмкость аккумулятора:<br/>_x000D_\n350 мАч<br/>_x000D_\nОбъем бака атомайзера:<br/>_x000D_\n1.6 мл<br/>_x000D_\nХарактеристики платы<br/>_x000D_\nТип включения:<br/>_x000D_\nАвтоматическое - при затяжке<br/>_x000D_\nРегулировка мощности:<br/>_x000D_\nНет<br/>_x000D_\nРежимы работы:<br/>_x000D_\nConstant<br/>_x000D_\nДиапазон сопротивлений в режиме VW:<br/>_x000D_\nФиксированное сопротивление<br/>_x000D_\nХарактеристики аккумуляторов<br/>_x000D_\nАккумулятор:<br/>_x000D_\nВстроенный<br/>_x000D_\nХарактеристики атомайзера<br/>_x000D_\nСъемный атомайзер:<br/>_x000D_\nДа<br/>_x000D_\nОбслуживаемый:<br/>_x000D_\nНет<br/>_x000D_\nТип обдува:<br/>_x000D_\nОтсутствует<br/>_x000D_\nРегулировка обдува:<br/>_x000D_\nНет<br/>_x000D_\nТип испарителя:<br/>_x000D_\nКартридж<br/>_x000D_\nРекомендуемое соотношение PG/VG в жидкости:<br/>_x000D_\nПредзаправленный картридж<br/>_x000D_\nОбщая информация<br/>_x000D_\nРазмеры:<br/>_x000D_\n100 мм<br/>_x000D_\nЗащита:<br/>_x000D_\nДа<br/>_x000D_\nВес:<br/>_x000D_\n88 г<br/>_x000D_\nСтрана:<br/>_x000D_\nКитай<br/>\n</p>', 'Electric'),
(46, ' Эл.уст-во MyBlu ', 999, '1292.png', '<p>Набор MyBlu 10W – это воплощение простого функционала и неотразимого стиля. В основе устройства заложена идея предоставить пользователю максимально знакомый процесс парения без использования табака и горения.<br/>\n<br/>_x000D_\nЭлектронная сигарета MyBlu 10W работает на сменных картриджах и не требует нажатия кнопок при использовании – просто вставляете новый и начинаете парить. Вейп оснащён автоматическим датчиком, срабатывающим при затяжке. Многообразие вкусов и ёмкость картриджей в 1,5 миллилитра позволят не только задавать тон своему настроению, но и наслаждаться любимым вкусом на протяжении всего дня.<br/>\n<br/>_x000D_\nКомплектация<br/>_x000D_\nВейп MyBlu – 1 шт.<br/>_x000D_\nКабель для зарядки – 1 шт.<br/>_x000D_\nРуководство пользователя – 1 шт.<br/>\n</p>', 'Electric'),
(47, ' Эл.уст-во Justfog minifit ', 1150, '1258.jpg', '<p>Компактная электронная сигарета Justfog Minifit – бюджетный вариант класса «all-in-one» для первых шагов в парении. Готовый комплект для быстрого старта отлично подходит для новичков, которые переходят от курения табачных изделий на вейп.<br/>\n<br/>_x000D_\nДевайс подает на испаритель напряжение 3,4 В. Работает от встроенного аккумулятора емкостью 370 мАч.<br/>\n<br/>_x000D_\nМодель удобна в использовании и проста в управлении, на корпусе нет ничего лишнего – только кнопка Fire, которая используется для активации устройства или его блокировки. Девайс отличается легкостью и компактностью, его длина не превышает 7 см.<br/>\n<br/>_x000D_\nJustfog Minifit POD имеет в комплекте встроенный бак объемом 1,5 мл, совмещенный с испарителем. Заправка осуществляется через небольшое отверстие снизу. Для работы используются сменные картриджи с высококачественным органическим хлопком, сопротивлением 1,6 Ом.<br/>\n<br/>_x000D_\nКОМПЛЕКТ ПОСТАВКИ:<br/>_x000D_\n1х Электронная сигарета Justfog Minifit<br/>_x000D_\n1х USB-кабель<br/>_x000D_\n1х Инструкция по эксплуатации<br/>\n</p>', 'Electric'),
(48, ' Эл.уст-во Eleaf iJust ECM ', 2250, '1257.jpg', '<p>Информация:<br/>_x000D_\nРазмер в сборе: 137 / 25 мм<br/>_x000D_\nЕмкость бака: 4 мл<br/>_x000D_\nЕмкость аккумулятора: 3000 mAh<br/>_x000D_\nМаксимальная мощность: 40 W<br/>_x000D_\nPin: 510<br/>_x000D_\nКоннектор: 510 (латунь, подпружинен)<br/>_x000D_\nЦвет: черный, стальной<br/>_x000D_\nМатериал: Нержавеющая сталь / цинковый сплав<br/>\n<br/>_x000D_\n  Eleaf iJust ECM – новый представитель семейства iJust. Набор включает в себя пару инновационных испарителей типа EC с нагревательным элементом из сетки: EC-N и EC-M. В их конструкции использована сетка с разным типом ячейки, что увеличивает полезную площадь испарения и позволяет наслаждаться всеми гранями и тонкостями аромата вашей любимой жидкости.<br/>\n<br/>_x000D_\nОснащенный встроенным аккумулятором с ёмкостью 3000 mAh и способный выдавать до 40 ватт мощности, вейп iJust ECM обладает поразительной автономностью, а его многочисленные защиты делают парение гораздо безопаснее. Трёхцветная индикация кнопки оповестит вас об оставшемся заряде батареи. Для заправки атомайзера достаточно лишь сдвинуть крышку в сторону. Удобная, простая и надёжная – эти слова идеально характеризуют электронную сигарету Eleaf iJust ECM.<br/>\n<br/>\n<br/>\n</p>', 'Electric'),
(49, ' Эл.уст-во Eleaf IJust 3', 2950, '1211.jpg', '<p>   iJust 3 является стартовым набором для вейпинга и представляет собой устройство, состоящее их двух частей: батарейного блока и атомайзера. Девайс работает от встроенного аккумулятора, ёмкость которого 3000 мАч и способен выдавать до 80 Вт (по заявлению производителя). Атомайзер ELLO Duro работает на сменных испарителях нового образца, с маркировкой HW, в которых нагревательным элементом служит сетка.<br/>\n<br/>_x000D_\nДиаметр: 25 мм<br/>_x000D_\nВысота: 136 мм<br/>_x000D_\nЁмкость аккумулятора: 3000 мАч<br/>_x000D_\nЁмкость атомайзера: 6,5 мл<br/>_x000D_\nПоддерживаемое сопротивление: 0.1 — 3.5 Ом<br/>\n</p>', 'Electric'),
(50, ' Эл. уст-во SMOK Stick V8 ', 2250, '674.jpg', '<p>Вес: 149 г (Бак + батарея) <br/>_x000D_\nДиаметр: 24,5 мм <br/>_x000D_\nВысота: 131 мм <br/>_x000D_\nВарианты цвета: черный/стальной/красный/синий/карбон/радужный <br/>_x000D_\nАккумулятор: Встроенный, 3000 mA*h, зарядка производится по USB <br/>\n<br/>_x000D_\nХарактеристики платы: <br/>_x000D_\nМощность: Нерегулируемая, 1-50W (в зависимости от заряда батареи) <br/>_x000D_\nЕсть возможность использовать при зарядке аккумулятора. <br/>\n<br/>_x000D_\nХарактеристики бака: <br/>_x000D_\nТип: необслуживаемый, испарители для SMOK Big Baby<br/>_x000D_\nЕмкость: 5 мл <br/>_x000D_\nРегулировка обдува: да<br/>\n</p>', 'Electric'),
(51, ' Эл. уст-во Joyetech EGO AIO', 1300, '3.jpg', '<p>Вес: 78 г (Бак + батарея) <br/>_x000D_\nДиаметр: 19 мм <br/>_x000D_\nВысота: 118 мм <br/>_x000D_\nВарианты цвета: черный/стальной <br/>_x000D_\nАккумулятор: Встроенный, 1500 mA*h, зарядка производится по USB <br/>\n<br/>_x000D_\nХарактеристики платы: <br/>_x000D_\nМощность: Нерегулируемая, 1-20W (в зависимости от заряда батареи) <br/>_x000D_\nЕсть возможность использовать при зарядке аккумулятора. <br/>\n<br/>_x000D_\nХарактеристики бака: <br/>_x000D_\nТип: необслуживаемый, испарители на 0,5 и 0,6 Ом <br/>_x000D_\nЕмкость: 2 мл <br/>_x000D_\nРегулировка обдува: да<br/>\n</p>', 'Electric'),
(52, ' Аккумулятор Eleaf iJust ECM 3000mAh', 1450, '1278.jpg', '<p>АКБ Eleaf iJust ECM, состоящий из батарейного блока со встроенным аккумулятором, ёмкостью 3000 mAh. <br/>_x000D_\nВ качестве основного материала выбрали нержавеющую сталь. На лицевой стороне установили треугольную кнопку fire с интегрированным индикатором, USB-порт разместили на обороте. Посадочной площадке дали диаметре в 25 мм и подпружиненный коннектор.<br/>_x000D_\nМаксимальная мощность устройства достигает 40 ватт. Диапазон сопротивления от 0,1 до 3,0 Ом. Уровень заряда отображается зелёным, синим и красным цветом, по мере убывания.<br/>\n<br/>\n</p>', 'Battary'),
(53, ' Аккумулятор Eleaf iJust 3 3000 mAh', 1600, '1221.jpg', '<p>Максимальная выходная мощность: 80 Ватт<br/>_x000D_\nПоддерживаемое сопротивление: 0.1 – 3.0 Ом<br/>_x000D_\nЕмкость аккумулятора: 3000 мАч<br/>_x000D_\nКоннектор: 510<br/>_x000D_\nДиаметр: 25 мм<br/>_x000D_\nДлина: 86 мм<br/>\n</p>', 'Battary'),
(54, ' Никобустер', 40, '1282.jpg', '<p>от 40 рублей<br/>\n</p>', 'DIY'),
(55, ' Основа VapeLiga 100мл', 110, '1281.jpg', '<p>1,5 мг никотин 110 рублей<br/>_x000D_\n3 мг никотин 120 рублей<br/>_x000D_\n6 мг никотин 140 рублей<br/>\n</p>', 'DIY'),
(56, ' Ароматизатор Малайзийский кулер 10 мл.', 250, '998.jpg', '<p>Высококонцентрированный холод! Добавлять с осторожностью!<br/>\n<br/>_x000D_\n10 мл<br/>\n</p>', 'DIY'),
(57, ' Ароматизатор AXIOM 10 мл. ', 200, '1072.jpg', '<p>Berry Spearmint Mix - Микс сладких лесных ягод и нескольких видов мяты<br/>\n<br/>_x000D_\nChocolate Donut - Классический американский пончик в сахарной глазури со вкусом темного шоколада<br/>\n<br/>_x000D_\nCool Mango - Микс манго и маракуйи с ярким кулером в малазийском стиле<br/>\n<br/>_x000D_\nLemon Pie - Сладкий пирог с ярким вкусом лимона и кремовой начинкой<br/>\n<br/>_x000D_\nStrawberry and Banana - Микс клубники и банана с мягким ванильным послевкусием<br/>\n<br/>_x000D_\nSweet Cinnamon - Сладкая булочка с корицей и кремовой начинкой<br/>\n<br/>_x000D_\nSour Apple - Кисло-сладкое зеленое яблоко, с легким грушевым послевкусием<br/>\n<br/>_x000D_\nBerry Drink - Ягодный морс из черники, клюквы и смородины<br/>\n<br/>_x000D_\nCherry Tobacco - Насыщенный вкус табака Вирджиния с нотками вишни<br/>\n<br/>_x000D_\nLime Limonade - Кисло-сладкий, освежающий лимонно-лаймовый лимонад<br/>\n</p>', 'DIY'),
(58, ' Флакон', 20, '827.jpg', '<p>Флаконы из мягкого пластика.<br/>\n<br/>_x000D_\nОбъём:<br/>\n<br/>_x000D_\n10 мл - 20 руб.<br/>_x000D_\n30 мл - 30 руб.<br/>_x000D_\n50 мл - 30 руб.<br/>\n<br/>\n</p>', 'DIY'),
(59, ' Основа Smoke Kitchen 100 мл.', 100, '917.jpg', '<p>-Объём: 100 мл.<br/>\n<br/>_x000D_\n-Соотношение глицерин (VG)/пропиленгликоль (PG):<br/>\n<br/>_x000D_\n50\\50<br/>_x000D_\n60\\40<br/>_x000D_\n70\\30<br/>_x000D_\n90\\10<br/>\n<br/>_x000D_\n-Никотин:<br/>\n<br/>_x000D_\n0 мг - 100 руб.<br/>_x000D_\n1 мг - 120 руб.<br/>_x000D_\n3 мг - 140 руб.<br/>_x000D_\n6 мг - 160 руб.<br/>_x000D_\n36 мг - 400 руб.<br/>\n</p>', 'DIY'),
(60, ' Пропиленгликоль Vape Flavors 100 мл.', 50, '545.jpg', '<p>Основные характеристики:<br/>\n<br/>_x000D_\n-Пропиленгликоль USP/EP 100 мл.<br/>_x000D_\n-СанПин: 2.3.2. 1293-03.<br/>_x000D_\n-Чистота: 99,9%.<br/>\n</p>', 'DIY'),
(61, ' Глицерин Vape Flavors 100 мл.', 50, '544.jpg', '<p>Основны характеристики:<br/>\n<br/>_x000D_\n-Глицерин пищевой USP/FCC/EP.<br/>_x000D_\n-СанПин: 2.3.2. 1293-03.<br/>_x000D_\n-Чистота: 99,7 %.<br/>_x000D_\n-Объем: 100 мл.<br/>\n<br/>\n</p>', 'DIY'),
(62, ' Ароматизатор Malaysia', 75, '539.jpg', '<p>ВКУСЫ:<br/>\n<br/>_x000D_\n-156 Mint (Малайзия 156 Мята).                                                              <br/>_x000D_\n-164 Panna cotta (Малайзия 164 панна котта).                                                              <br/>_x000D_\n-175 Pineapple (Малайзия 175 Ананас).                                                               <br/>_x000D_\n-177 Grape (Малайзия 177 Виноград).                                                             <br/>_x000D_\n-187 Wild Berry (Малайзия 187 Дикие ягоды).                                                               <br/>_x000D_\n-188 Bubble gum (Малайзия 188 Хубба-бубба).                                                               <br/>_x000D_\n-189 Cherry (Малайзия 189 Вишня).                                                               <br/>_x000D_\n-191 Kiwi (Малайзия 191 Киви).                                                             <br/>_x000D_\n-194 Cranberry (Малайзия 194 Клюква).                                                              <br/>_x000D_\n-195 Red grapes (Малайзия 195 Красный виноград).                                                               <br/>_x000D_\n-203 Biscuit (Малайзия 203 Бисквит).                                                               <br/>_x000D_\n-217 Passion Fruit (Малайзия 217 Маракуйя).                                                               <br/>_x000D_\n-223 Lime (Малайзия 223 Лайм).                                                              <br/>_x000D_\n-251 Strawberry (Малайзия 251 Клубника).                                                              <br/>_x000D_\n-273 Blueberry (Малайзия 273 Черника).                                                              <br/>_x000D_\n-274 Apple (Малайзия 274 Яблоко).                                                            <br/>_x000D_\n-302 Vanilla (Малайзия 302 Ванила).                                                             <br/>_x000D_\n-303 Vanilla (Малайзия 303 Ванила).                                                             <br/>_x000D_\n-309 Blackberry (Малайзия 309 Ежевика).                                                              <br/>_x000D_\n-312 Pear (Малайзия 312 Груша).                                                           <br/>_x000D_\n-315 Caramel (Малайзия 315 Карамель).                                                               <br/>_x000D_\n-360 Melon (Малайзия 360 Melon).                                                         <br/>_x000D_\n-367 Sweet cream (Малайзия 367 Сладкий крем).                                                              <br/>_x000D_\n-379 Green tea (Малайзия 379 Зеленый чай).                                                               <br/>_x000D_\n-394 Mint (Малайзия 394 Мята).                                                   <br/>_x000D_\n-398 Apple pie (Малайзия 398 Яблочный пирог).                                                              <br/>_x000D_\n-677 Tobacco (Малайзия 677 Тобакко).                                                             <br/>_x000D_\n-695 Tobacco (Малайзия 695 Тобакко).                                                                <br/>_x000D_\n-696 Tobacco (Малайзия 696 Тобакко).                <br/>_x000D_\n-697 Tobacco (Малайзия 697 Тобакко).                                                               <br/>_x000D_\n-766 Exotic (Малайзия 766 Экзотик).                      <br/>_x000D_\n-786 Exotic (Малайзия 786 Экзотик).                                          <br/>_x000D_\n-791 Wild berries cream (Малайзия 791 Дикие ягоды крем).<br/>\n<br/>_x000D_\n-Объём: 10 мл.<br/>\n</p>', 'DIY'),
(63, ' Основа Vape Flavors 100 мл.', 100, '133.jpg', '<p>-Объём: 100 мл.<br/>_x000D_\n-Соотношение глицерин (VG)/пропиленгликоль (PG):<br/>_x000D_\n50\\50<br/>_x000D_\n60\\40<br/>_x000D_\n70\\30<br/>_x000D_\n80\\20<br/>_x000D_\n90\\10<br/>\n<br/>_x000D_\n-Никотин:<br/>\n<br/>_x000D_\n0 мг - 100 руб.<br/>_x000D_\n1 мг - 110 руб.<br/>_x000D_\n3 мг - 130 руб.<br/>_x000D_\n6 мг - 150 руб.<br/>\n</p>', 'DIY'),
(64, ' Ароматизатор Capella 10 мл.', 75, '127.jpg', '<p>Ароматизаторы Capella в ассортименте.<br/>\n<br/>_x000D_\n-Объём: 10 мл.<br/>\n</p>', 'DIY'),
(65, ' Ароматизатор ТPА 10 мл.', 75, '1071.png', '<p>Огромный ассортимент ароматизаторов TPA<br/>\n<br/>_x000D_\n-Объём: 10 мл<br/>\n<br/>\n</p>', 'DIY'),
(66, ' АКБ Sony VTC 6A 3000 mAh 35A', 650, '1220.jpg', '<p>VTC6A – новое поколение аккумуляторов от Sony. Данные высокотоковые ячейки имеют токоотдачу в 35 A и впечатляющую ёмкость в 3000 mAh – этого более чем достаточно для повседневного парения. Аккумуляторы Sony VTC6A 18650 подходят для использования как в батарейных, так и в механических модах.<br/>\n</p>', 'Acums'),
(67, ' АКБ IJOY 20700 Battery 3000mAh-40A', 900, '1128.jpg', '<p>IJOY 20700 3000mAh - высокотоковый аккумулятор нового стандарта 20700 от компании IJOY. Изначально батареи стандарта 20700 были разработаны компаниями Panasonic и Samsung для того, чтобы стать частью электромобилей Tesla 3, но само собой, нашли применение и в других сферах. Аккумуляторы интересны тем, что при наличии высокой токоотдачи в 40А максимум, сохраняют большую ёмкость в 3000 мАч. Для использования этих батарей необходимо убедиться, что батарейный блок, в котором планируется использовать аккумуляторы, способен работать с батареями таких габаритов.<br/>\n<br/>_x000D_\nОсновные характеристики IJOY 20700 3000mAh:<br/>_x000D_\nТип: Li-Ni, незащищенный, плюсовой контакт плоский;<br/>_x000D_\nТипоразмер: 20700;<br/>_x000D_\nЕмкость: 3000 mAh;<br/>_x000D_\nНапряжение номинальное: 3,7В;<br/>_x000D_\nМаксимальное напряжение: 4,2В;<br/>_x000D_\nМаксимальный ток отдачи: 40A;<br/>_x000D_\nДиаметр: 20 мм;<br/>_x000D_\nДлина: 70 мм;<br/>_x000D_\nВремя заряда: ~3ч (зависит от спецификации зарядного устройства);<br/>_x000D_\nПроизводитель: IJOY.<br/>\n</p>', 'Acums'),
(68, ' АКБ Sigelei 26650 4200 mAh 40A', 650, '665.png', '<p>Основные характеристики:<br/>\n<br/>_x000D_\nLi-Ion<br/>_x000D_\nТипоразмер: 26650 <br/>_x000D_\nЕмкость: 4200 mAh <br/>_x000D_\nПостоянная токоотдача: 40 А<br/>\n</p>', 'Acums'),
(69, ' АКБ Sony VTC 5A 2600 mAh 35A', 600, '663.jpg', '<p>Основные характеристики:<br/>\n<br/>_x000D_\nLi-Ion<br/>_x000D_\nТипоразмер: 18650 <br/>_x000D_\nЕмкость: 2600 mAh <br/>_x000D_\nПостоянная токоотдача: 35 А<br/>\n<br/>_x000D_\nЛучшие аккумуляторы для механических модов и высокомощных бокс-модов с электронной платой.<br/>\n<br/>\n<br/>\n</p>', 'Acums'),
(70, ' АКБ Sony VTC 6 3120 mAh 25A', 700, '658.jpg', '<p>Основные характеристики:<br/>\n<br/>_x000D_\nLi-Ion<br/>_x000D_\nТипоразмер: 18650 <br/>_x000D_\nЕмкость: 3120 mAh <br/>_x000D_\nПостоянная токоотдача: 25 А<br/>\n<br/>_x000D_\nЛучшие аккумуляторы для устройств с электронной платой.<br/>\n<br/>\n</p>', 'Acums'),
(71, ' АКБ Sony VTC 5 2600 mAh 30A', 500, '523.jpg', '<p>Основные характеристики:<br/>\n<br/>_x000D_\nLi-Ion<br/>_x000D_\nТипоразмер: 18650 <br/>_x000D_\nЕмкость: 2600 mAh <br/>_x000D_\nПостоянная токоотдача: 30 А<br/>\n<br/>_x000D_\nХорошее соотношение цена-качество при выборе аккумулятора для механического мода.<br/>\n<br/>\n</p>', 'Acums'),
(72, ' АКБ Efest IMR26650 4200 mАh 20A', 650, '521.jpg', '<p>Основные характеристики:<br/>\n<br/>_x000D_\nLi-Ion<br/>_x000D_\nТипоразмер: 26650 <br/>_x000D_\nЕмкость: 4200 mAh <br/>_x000D_\nПостоянная токоотдача: 20 А<br/>\n<br/>\n</p>', 'Acums'),
(73, ' АКБ LG HG2 3000 mAh 20 A', 500, '525.jpg', '<p>Основные характеристики:<br/>\n<br/>_x000D_\nLi-Ion<br/>_x000D_\nТипоразмер: 18650 <br/>_x000D_\nЕмкость: 3000 mAh <br/>_x000D_\nПостоянная токоотдача: 20 А<br/>\n<br/>_x000D_\nLG HG2 (в народе их прозвали \"шоколадки\") - самые популярные аккумуляторы для бокс-модов с электронной платой. <br/>_x000D_\nВНИМАНИЕ: ни в коем случае не подходят для механических модов!<br/>\n</p>', 'Acums'),
(74, ' АКБ Samsung 25R 2500 mAh 20A', 400, '707.jpg', '<p>Основные характеристики:<br/>\n<br/>_x000D_\nLi-Ion<br/>_x000D_\nТипоразмер: 18650 <br/>_x000D_\nЕмкость: 2500 mAh <br/>_x000D_\nПостоянная токоотдача: 20 А<br/>\n<br/>_x000D_\nЛучший выбор для тех, кто хочет сэкономить, но при этом получить надежный аккумулятор для механического мода.<br/>\n</p>', 'Acums'),
(75, ' АКБ LG HE4 2500 mAh 20A', 400, '85.jpg', '<p>Основные характеристики:<br/>\n<br/>_x000D_\nLi-Ion<br/>_x000D_\nТипоразмер: 18650 <br/>_x000D_\nЕмкость: 2500 mAh <br/>_x000D_\nПостоянная токоотдача: 20 А<br/>\n<br/>_x000D_\nХороший эконом-вариант для бокс-модов с электронной платой.<br/>\n</p>', 'Acums'),
(76, ' Испаритель Eleaf IJust 3', 250, '1215.jpg', '<p>Это абсолютно новая серия испарителей, их особенность в том, что в качестве нагревательного элемента используется сетка. Как показали “живые” испытания, сетка оказалась на удивление вкусной, дающей большое количество пара и субъективно этот вариант необслужки превосходит своих братьев с обычными вертикальными спиралями.<br/>\n</p>', 'Ispars'),
(77, ' Картридж Smok Rolo 1.2ohm', 250, '1214.jpg', '<p>Оригинальные картриджи с испарителем для Smok Rolo Badge <br/>_x000D_\nОбъем - 2 мл<br/>_x000D_\nСопротивление - 1.2 Ом<br/>\n</p>', 'Ispars'),
(78, ' Испаритель Eleaf HW Cylinder ', 250, '945.jpg', '<p>Сопротивление: 0,2 Ом<br/>_x000D_\nИспарители для Eleaf Ello Pico 25 Kit<br/>\n</p>', 'Ispars'),
(79, ' Испаритель SMOK TFV-8 Baby (обслуга)', 600, '938.jpg', '<p>Обслуживаемая база для TFV-8 Baby<br/>\n</p>', 'Ispars'),
(80, ' Испаритель SMOK TFV 12 ', 600, '906.jpg', '<p>Испарители для TFV 12 <br/>\n<br/>_x000D_\nСопротивление: Т6 0,17 Ом, Т12 0,12 Ом<br/>\n<br/>_x000D_\nЦена указана за 1 шт.<br/>\n</p>', 'Ispars'),
(81, ' Испаритель SMOK TFV 12 ', 400, '905.jpg', '<p>Испарители для TFV 12 <br/>\n<br/>_x000D_\nСопротивление: Q4 0,15 Ом.<br/>\n<br/>_x000D_\nЦена указана за 1 шт.<br/>\n</p>', 'Ispars'),
(82, ' Испаритель SMOK TFV 8 ', 600, '904.jpg', '<p>Испарители для TFV-8 <br/>\n<br/>_x000D_\nСопротивление: Т8 0,15 Ом и Т10 0,12 Ом<br/>\n<br/>_x000D_\nЦена указана за 1 шт.<br/>\n</p>', 'Ispars'),
(83, ' Испаритель SMOK TFV-8 Baby ', 400, '903.jpg', '<p>Испарители для TFV-8 Baby и Big Baby<br/>\n<br/>_x000D_\nСопротивление: X4 0,15 Ом и Т6 0,2 Ом<br/>\n<br/>_x000D_\nЦена указана за 1 шт.<br/>\n</p>', 'Ispars'),
(84, ' Испаритель SMOK TFV-8 Baby ', 300, '902.jpg', '<p>Испарители для TFV-8 Baby и Big Baby<br/>\n<br/>_x000D_\nСопротивление:  Q2 0,4 Ом и M2 0,25 Ом<br/>\n<br/>_x000D_\nЦена указана за 1 шт.<br/>\n</p>', 'Ispars'),
(85, ' Испаритель  Eleaf iJust S ECR (обслуга)', 250, '901.jpg', '<p>Обслуживаемая база для iJust S, Melo<br/>\n</p>', 'Ispars'),
(86, ' Испаритель Eleaf iJust ', 200, '1150.jpg', '<p>Испарители для iJust 2, iJust S, Melo<br/>\n<br/>_x000D_\nСопротивление: 0,15 Ом, 0,18 Ом, 0,3 Ом, 0,5 Ом.<br/>\n<br/>_x000D_\nЦена указана за 1 шт.<br/>\n</p>', 'Ispars');
INSERT INTO `products` (`id`, `Name`, `Price`, `Image`, `Desc`, `Type`) VALUES
(87, ' Испаритель Eleaf iCare ', 100, '1151.jpg', '<p>Испарители для iCare <br/>\n<br/>_x000D_\nСопротивление: 1,1 Ом<br/>\n<br/>_x000D_\nЦена указана за 1 шт.<br/>\n</p>', 'Ispars'),
(88, ' Испаритель Eleaf GS Air ', 200, '1149.jpg', '<p>Испарители для GS Air <br/>\n<br/>_x000D_\nСопротивление: 0,15 Ом, 0,75 Ом, 1,0 Ом, 1,5 Ом.<br/>\n<br/>_x000D_\nЦена указана за 1 шт.<br/>\n</p>', 'Ispars'),
(89, ' Испаритель SMOK TFV-4 Micro ', 250, '1152.jpg', '<p>Испарители для TFV-4 Micro<br/>\n<br/>_x000D_\nСопротивление: 0,3 Ом и 0,25 Ом.<br/>\n<br/>_x000D_\nЦена указана за 1 шт.<br/>\n</p>', 'Ispars'),
(90, ' Испаритель Joytech Cubis ', 200, '1153.jpg', '<p>Испарители для eGo AIO <br/>\n<br/>_x000D_\nСопротивление: 0,2 Ом, 0,5 Ом, 0,6 Ом, 1,0 Ом, 1,5 Ом.<br/>\n<br/>_x000D_\nЦена указана за 1 шт.<br/>\n</p>', 'Ispars'),
(91, ' Испаритель Joytech eGo One ', 200, '893.jpg', '<p>Испарители для eGo One <br/>\n<br/>_x000D_\nСопротивление: 0,2 Ом и 0,5 Ом<br/>\n<br/>_x000D_\nЦена указана за 1 шт.<br/>\n</p>', 'Ispars'),
(92, ' Испаритель KangerTech EVOD Pro ', 200, '1154.jpg', '<p>Испарители для EVOD Pro <br/>\n<br/>_x000D_\nСопротивление: 0,5 Ом<br/>\n<br/>_x000D_\nЦена указана за 1 шт.<br/>\n</p>', 'Ispars'),
(93, ' Испаритель Kanger Tech MT3 ', 100, '1155.jpg', '<p>Испарители для МТ3<br/>\n<br/>_x000D_\nСопротивление: 1,8 Ом<br/>\n<br/>_x000D_\nЦена указана за 1 шт.<br/>\n</p>', 'Ispars'),
(94, ' Испаритель WISMEC Vicino ', 200, '1156.jpg', '<p>Испарители для Wismec Vicino<br/>\n<br/>_x000D_\nСопротивление: 0,2 Ом<br/>\n<br/>_x000D_\nЦена указана за 1 шт.<br/>\n</p>', 'Ispars'),
(95, ' Испаритель KangerTech EVOD Protank', 150, '1157.jpg', '<p>Испарители для AeroTank, AeroTank Mini, AeroTank Mega, Protank 3, Protank 3 Mini, EVOD 2, T3D, EVOD Glass<br/>\n<br/>_x000D_\nСопротивление: 1,2 Ом, 1,5 Ом и 1,8 Ом.<br/>\n<br/>_x000D_\nЦена указана за 1 шт.<br/>\n</p>', 'Ispars'),
(96, ' Испаритель Aspire Cleito 120', 300, '1158.jpg', '<p>Сопротивление: 0,16 Ом, 0,2 Ом, 0,27 Ом и 0,4 Ом<br/>\n<br/>_x000D_\nЦена указана за 1 шт.<br/>\n</p>', 'Ispars'),
(97, ' Испаритель Aspire Nautilus ', 200, '1159.jpg', '<p>Испарители для Nautilus и Nautilus Mini.<br/>\n<br/>_x000D_\nСопротивление: 1,6 Ом, 1,8 Ом.<br/>\n<br/>_x000D_\nЦена указана за 1 шт.<br/>\n</p>', 'Ispars'),
(98, ' Испаритель SMOK TFV-12 RBA ', 750, '829.jpg', '<p>Обслуживаемая база для SMOK TFV12<br/>\n<br/>\n</p>', 'Ispars'),
(99, ' Испаритель KangerTech T2 ', 100, '1161.jpg', '<p>Сменные испарители для клиромайзера Kanger T2 <br/>\n<br/>_x000D_\nСопротивление: 1,8 Ом<br/>\n<br/>_x000D_\nЦена указана за 1шт.<br/>\n</p>', 'Ispars'),
(100, ' Испаритель Armango Best', 100, '1162.jpg', '<p>Испарители для Armango Best<br/>\n<br/>_x000D_\nСопротивление: 1,8 Ом<br/>\n<br/>_x000D_\nЦена указана за 1 шт.<br/>\n</p>', 'Ispars'),
(101, ' Испаритель KangerTech Subvod ', 200, '1164.jpg', '<p>Работает во всех предыдущих версиях Subtank, а так же Subvod, Nebo. <br/>\n<br/>_x000D_\nСопротивление: 0,15 Ом, 0,5 Ом, 1,2 Ом.<br/>\n<br/>_x000D_\nЦена указана за 1 шт.<br/>\n</p>', 'Ispars'),
(102, ' Бокс мод iJOY Captain X3 324W TC		', 1800, '1305.jpg', '<p> Новый батарейный мод от компании IJOY это воплощение мощи и исключительного дизайна в одном-единственном устройстве под названием Captain X3. Набор Captain X3 от IJOY предлагает пользователю готовый вариант «из коробки» для быстрого знакомства и освоения парения на высоких мощностях без компромиссов.<br/>\n</p>', 'Box'),
(103, ' Бокс мод asMODus Amighty 100W TC		', 2550, '1304.jpg', '<p>Бокс мод asMODus Amighty 100W TC		<br/>\n<br/>_x000D_\nХарактеристики<br/>_x000D_\nТип устройства:Батарейный мод<br/>_x000D_\nТип включения:Ручное - при нажатии кнопки \"Fire\"<br/>_x000D_\nМаксимальная мощность:100 Вт<br/>_x000D_\nРегулировка мощности:Да<br/>_x000D_\nРежимы работы:Power / VW / TC / TFC / TCR / TFR / Curve<br/>_x000D_\nМаксимальный диаметр посадки под атомайзер:28 мм<br/>_x000D_\nДиапазон сопротивлений в режиме VW:0.1 - 3.0 Ом<br/>_x000D_\nДиапазон сопротивлений в режиме TC:0.1 - 3.0 Ом<br/>_x000D_\nПоддерживаемые металлы в режиме TC:Ni, Ti, SS316<br/>_x000D_\nТип коннектора:510<br/>_x000D_\nНаличие дисплея:Да - Ч/Б<br/>_x000D_\nЗащита:Да<br/>\n</p>', 'Box'),
(104, ' Бокс мод SIGELEI Fuchai DUO - 3 175W TC', 2200, '1267.jpg', '<p>Технические характеристики:<br/>_x000D_\nМощность：10W-175W-225W<br/>_x000D_\nТемпературный контроль: 100℃-300℃/212℉-572℉<br/>_x000D_\nВходящее напряжение：6.4V-8.4V<br/>_x000D_\nВыходящее напряжение：1.0V-7.5V <br/>_x000D_\nАккумуляторы：(2-3) 18650 <br/>_x000D_\nРежимы работы：Power/TC（Ni200/Ti1/SS/TCR/TFR） <br/>_x000D_\nСопротивление：0.1Ω-3.0Ω <br/>_x000D_\nПоддержка зарядки через порт USB：DC 5V/2.5A<br/>\n<br/>_x000D_\nКомплектация:<br/>_x000D_\nSigelei Fuchai Duo-3: - 1 шт<br/>_x000D_\nИнструкция по применению: - 1 шт<br/>\n</p>', 'Box'),
(105, ' Бокс мод IJOY Captain 225W TC', 2850, '1265.jpg', '<p>Характеристики:<br/>\n<br/>_x000D_\nАккумулятор: 2 x 18650 (не входят в комплект)<br/>_x000D_\nМощность: 5 - 225 Вт<br/>_x000D_\nДиапазон сопротивлений: 0.05Ω - 3Ω<br/>_x000D_\nДиапазон температур: 149-316 ℃ / 300-600 ℉ (режимы TC)<br/>_x000D_\nКоннектор: 510<br/>_x000D_\nРежимы работы: VT (Ni / Ti / SS) / TCR Mode<br/>_x000D_\nРазмер: 44 x 30 x 84.4 мм<br/>_x000D_\nСовместимость с атомайзерами до 30 мм<br/>_x000D_\nЭкран: 0,96\'<br/>_x000D_\nВыходное напряжение: 1,0 В - 8,0 В<br/>_x000D_\nМаксимальный выходной ток: 50 A<br/>\n<br/>_x000D_\nКомплектация:<br/>\n<br/>_x000D_\n1 x IJOY Captain PD1865<br/>_x000D_\n1 x USB Кабель<br/>_x000D_\nРуководство пользователя<br/>\n</p>', 'Box'),
(106, ' Бокс мод iJOY Shogun Univ Mod 180W', 3450, '1260.jpg', '<p>Характеристики: <br/>_x000D_\nАккумулятор: 2 x 18650 (не входят в комплект) <br/>_x000D_\nРазмер: 55 х 28,4 х 88 мм <br/>_x000D_\nРазмер экрана: 0,96 дюйма <br/>_x000D_\nДиапазон мощности: 1 - 180 Вт <br/>_x000D_\nВыходное напряжение: 0 - 7,5 В <br/>_x000D_\nВыходной ток: 0 - 45 A <br/>_x000D_\nДиапазон сопротивления: 0,05 - 3,0 Ом <br/>_x000D_\nДиапазон температур: 300-600 ℉ / 149-316 ℃ <br/>_x000D_\nМатериал: Цинковый сплав + смола <br/>_x000D_\nПорт для зарядки: MicroUSB <br/>_x000D_\nКоннектор: 510 <br/>_x000D_\nРежимы POWER, POD, PMODE и TEMP <br/>_x000D_\nЗащита: от низкого / высокого сопротивления, от перегрева, от короткого замыкания, от неправильной полярности, от перезаряда / переразряда <br/>_x000D_\nЧипсет: Univ <br/>\n<br/>_x000D_\nКомплектация: <br/>_x000D_\nIJOY Shogun Univ Mod<br/>_x000D_\nUSB Кабель <br/>_x000D_\nИнструкция<br/>_x000D_\nУпаковка<br/>\n<br/>_x000D_\nСпорить о том, что бокс-мод Shogun очень сильно напоминает второй Драг, даже не стоит, он действительно по своему внешнему виду и оформлению напоминает его. Это связано с тем, что форм-фактор девайса и вставки из resin-пластика являются практически визитной карточкой устройства от компании Voopoo. Но при этом Shogun сделан более аккуратно – в нем больше плавных линий и скошенных углов. Несмотря на то, что этот девайс тоже несколько напоминает цветной «кирпич», он достаточно удобно сидит в руке, не вызывая сложностей и трудностей. Изготовлен Shogun из цинкового сплава с боковыми панелями из resin-пластика. Подобное решение не новинка, но при этом можно уверенно сказать – решение практически беспроигрышное. Коннекторная площадка 20 мм и она совсем немного приподнята над верхним торцом, поэтому «левитации» атомайзеров можно избежать. Габаритные размеры таковы, что можно без особых проблем и нависаний установить атомайзеры диаметром до 26 мм.<br/>\n</p>', 'Box'),
(107, ' Бокс мод VOOPOO Drag 157 W', 3500, '966.jpg', '<p>Вес (без АКБ): 66 г;<br/>_x000D_\nДлина: 24 мм;<br/>_x000D_\nШирина: 54 мм<br/>_x000D_\nВысота: 90 мм<br/>_x000D_\nВарианты цвета: стальной;<br/>_x000D_\nКол-во аккумуляторов: 2х18650 (приобретаются отдельно)<br/>\n<br/>_x000D_\nХарактеристики платы:<br/>_x000D_\nМощность: 1-157W<br/>_x000D_\nМинимальное сопротивление в режиме вариватт: 0,05 Ом<br/>_x000D_\nНаличие термоконтроля: Да<br/>_x000D_\nВозможность зарядки по USB: Да<br/>_x000D_\nВозможность прошивки: Да<br/>\n</p>', 'Box'),
(108, ' Бокс мод Tesla Wye 200 W', 3800, '963.jpg', '<p>Вес (без АКБ): 66 г;<br/>_x000D_\nДлина: 39 мм;<br/>_x000D_\nШирина: 42 мм<br/>_x000D_\nВысота: 82 мм<br/>_x000D_\nВарианты цвета: черный;<br/>_x000D_\nКол-во аккумуляторов: 2х18650 (приобретаются отдельно)<br/>\n<br/>_x000D_\nХарактеристики платы:<br/>_x000D_\nМощность: 7-200W<br/>_x000D_\nМинимальное сопротивление в режиме вариватт: 0,1 Ом<br/>_x000D_\nНаличие термоконтроля: Да<br/>_x000D_\nВозможность зарядки по USB: Да<br/>_x000D_\nВозможность прошивки: Да<br/>\n</p>', 'Box'),
(109, ' Бокс мод Eleaf iKuun i200 W 4600 mAh', 2900, '937.jpg', '<p>Вес (без АКБ): 268 г;<br/>_x000D_\nДлина: 29 мм;<br/>_x000D_\nШирина: 44 мм<br/>_x000D_\nВысота: 88 мм<br/>_x000D_\nВарианты цвета: красный, синий, зеленый;<br/>_x000D_\nКол-во аккумуляторов: встроенный, на 4600 mA*h<br/>\n<br/>_x000D_\nХарактеристики платы:<br/>_x000D_\nМощность: 1-200W<br/>_x000D_\nМинимальное сопротивление в режиме вариватт: 0,1 Ом<br/>_x000D_\nНаличие термоконтроля: Да<br/>_x000D_\nВозможность зарядки по USB: Да<br/>_x000D_\nВозможность прошивки: Да<br/>_x000D_\nФункция PowerBank: да<br/>\n</p>', 'Box'),
(110, ' Бокс мод Eleaf iKonn 220 W', 2600, '932.png', '<p>Вес (без АКБ): 168 г; <br/>_x000D_\nДлина: 29 мм; <br/>_x000D_\nШирина: 44 мм <br/>_x000D_\nВысота: 88 мм <br/>_x000D_\nВарианты цвета: красный, синий; <br/>_x000D_\nКол-во аккумуляторов: 2х18650 (приобретаются отдельно) <br/>\n<br/>_x000D_\nХарактеристики платы: <br/>_x000D_\nМощность: 1-220W <br/>_x000D_\nМинимальное сопротивление в режиме вариватт: 0,1 Ом <br/>_x000D_\nНаличие термоконтроля: Да <br/>_x000D_\nВозможность зарядки по USB: Да <br/>_x000D_\nВозможность прошивки: Да<br/>\n</p>', 'Box'),
(111, ' Жидкость Sweet Salt VPR 30мл.', 480, '1312.jpg', '<p>-Frozen Berries:Освежающий коктейль из спелых лесных ягод.<br/>_x000D_\n-Coffee Break:Ваш любимый бодрящий утренний капучино.<br/>_x000D_\n-Sweet Tobacco:Ароматные листья табака с десертными нотками.<br/>_x000D_\n-Blueberry Donut:Сладкий пончик с черничным джемом.<br/>_x000D_\n-Icy Apple:Сочное освежающее зелёное яблоко с лёгкой кислинкой.<br/>_x000D_\n-Sweet Strawberry:Сладкая садовая клубника.<br/>\n<br/>\n<br/>\n</p>', 'liquidsalt'),
(112, ' Жидкость SK Wave Salt 30мл', 390, '1311.jpg', '<p>ХАРАКТЕРИСТИКИ<br/>_x000D_\nСоотношение PG/VG 50/50<br/>_x000D_\nБренд(Название) Жидкость SK Wave Salt <br/>_x000D_\nСтрана производитель Россия<br/>_x000D_\nКрепость 20мг, 40 мг<br/>_x000D_\nОбъем 30 мл<br/>\n<br/>_x000D_\nВкусы:<br/>_x000D_\nCANDY WAVE. Алый закат над океаном замер в своих самых невероятных оттенках, чтобы раскрыться ярким сочным вкусом в сочетании свежей арбузной мякоти с мармеладной сладостью клубничного и вишневого сиропа.<br/>_x000D_\nSNOW WAVE. Ледяная крошка, политая сладким сиропом из манго и цитруса, станет для вас настоящим откровением, особенно в жаркий сезон, когда свежесть бриза, брызги морских волн — идеальное дополнение к яркому летнему солнцу.<br/>_x000D_\nENERGY WAVE. Бодрящий вкус энергетического напитка свежо и красочно раскрывается в тандеме с насыщенным черничным соком — заряжает энергией ночного прилива и помогает оставаться тонусе в непрерывном потоке дней.<br/>\n<br/>_x000D_\nBUBBLE WAVE. Сочный ягодный вкус жевательной конфеты и кислинка цитрусового лимонада в одном флаконе.<br/>\n</p>', 'liquidsalt'),
(113, ' Жидкость Taboo Salt 30мл', 380, '1310.jpg', '<p>ХАРАКТЕРИСТИКИ<br/>_x000D_\nСоотношение PG/VG 50/50<br/>_x000D_\nБренд(Название)TABOO Salt<br/>_x000D_\nСтрана производитель Россия<br/>_x000D_\nКрепость 12мг, 25 мг<br/>_x000D_\nОбъем 30 мл<br/>_x000D_\n Вкусы:<br/>_x000D_\n«Aida» — Потрясающий вкус дынного лимонада.<br/>\n<br/>_x000D_\n«Cult» — Шипучая виноградная кола.<br/>\n<br/>_x000D_\n«Eva» — Натуральные яблочные мармеладные мишки.<br/>\n<br/>_x000D_\n«Laguna» — Освежающий микс из дыни и личи.<br/>\n<br/>_x000D_\n«Meduza» — Мармеладные червячки со вкусом красного апельсина и диких ягод.<br/>\n<br/>_x000D_\n«Origin» — Натуральный вкус вишнево-ягодных ирисок тоффи.<br/>\n<br/>_x000D_\n«Phantom» — Яркий вкус лимонада с красной смородиной.<br/>\n<br/>_x000D_\n«Millennium» — Сливочный вкус малинового милкшейка.<br/>\n<br/>\n<br/>\n</p>', 'liquidsalt'),
(114, ' Жидкость SK Trix Salt 50 мл.', 370, '1291.jpg', '<p>Вкусы:<br/>\n<br/>_x000D_\n• ALASKA BEAR - С орехами, щепоткой табака, фруктовыми нотами и легким свежим послевкусием.<br/>_x000D_\n• PANCAKE - Нежный аромат домашних блинчиков с маслом и душистым медом.<br/>_x000D_\n• WORLD - Этот вкус от SMOKE KITCHEN — секрет, и разгадать его предстоит вам самим. Вкус очень интересный и сложный, но при этом сдержанный и непринужденный, идеально подходит на каждый день.<br/>_x000D_\n• CIDER - Превосходный грушевый сидр.<br/>_x000D_\n• CREAMY CLOUDS - С ванильными и мандариновыми нотками.<br/>\n<br/>_x000D_\n-Объем: 50 мл.<br/>\n<br/>_x000D_\n-Никотин: 20 мг (солевой никотин).<br/>\n<br/>_x000D_\n-VG/PG: 50/50.<br/>\n<br/>\n<br/>\n</p>', 'liquidsalt'),
(115, ' Жидкость Mahorka 120 мл. ', 370, '1289.jpg', '<p>Вкусы:<br/>\n<br/>_x000D_\nClassic - вкус классического трубочного табака. <br/>_x000D_\nVanilla pipe tobacco - вкус ванильного трубочного табака. <br/>_x000D_\nNuts pipe tobacco - вкус орехового трубочного табака. <br/>_x000D_\nTobacco with Menthol - вкус табака с ментолом. <br/>_x000D_\nRoyal - вкус элитных кубинских сигар. <br/>\n<br/>_x000D_\n-Объем: 120 мл.<br/>\n<br/>_x000D_\n-Никотин: 3/6 мг.<br/>\n<br/>_x000D_\n-VG/PG: 60/40.<br/>\n</p>', 'liquidfree'),
(116, ' Жидкость Frost Drozd 120 мл.', 340, '1288.jpg', '<p>Вкусы:<br/>\n<br/>_x000D_\n-Манго - Экзотический манго<br/>\n<br/>_x000D_\n-Киви,Апельсин,Гуава - Экзотическая смесь киви, гуавы и цитрусов, до краёв заваленная кусками льда<br/>\n<br/>_x000D_\n-Клубника Щербет - Клубничный прохладительный напиток с добавлением мороженого и специй.<br/>\n<br/>_x000D_\n-Арбуз - Освежающий до нельзя, сочный арбуз<br/>\n<br/>_x000D_\n-Ананас,Маракуя,Кокос - Кокосовая молоко подчёркивает в этом вкусе смещение долек ананаса и золотой маракуйи. Остаётся только добавить морозной свежести <br/>\n<br/>_x000D_\n-Кактус - Толчёные листья алоэ вперемежку с колотым льдом. <br/>\n<br/>_x000D_\n-Объем: 120 мл.<br/>\n<br/>_x000D_\n-Никотин: 3 мг.<br/>\n<br/>_x000D_\n-VG/PG: 70/30.<br/>\n</p>', 'liquidfree'),
(117, ' Жидкость Fresh Blood 120 мл. ', 300, '1287.jpg', '<p>Вкусы:<br/>\n<br/>_x000D_\nSunset Tea - чай с клубникой и персиком.<br/>\n<br/>_x000D_\nGarnet Mystery - микс граната с нотками ягод и цитруса.<br/>\n<br/>_x000D_\nWildberry - ежевично-малиновый лимонад.<br/>\n<br/>_x000D_\nForest Nectar - коктейль лесных ягод с мятой.<br/>\n<br/>_x000D_\nDark Elixir - иланг-иланг, личи, персик и марципан.<br/>\n<br/>_x000D_\nFizzy Spring - освежающий лимонад из огурца.<br/>\n<br/>_x000D_\nStrawberry Corn - завтрак из хлопьев и спелой клубники.<br/>\n<br/>_x000D_\nExotic Currant - экзотические фрукты со смородиной.<br/>\n<br/>_x000D_\n-Объем: 120 мл.<br/>\n<br/>_x000D_\n-Никотин: 3 мг.<br/>\n<br/>_x000D_\n-VG/PG: 70/30.<br/>\n</p>', 'liquidfree'),
(118, ' Жидкость Daily Jam 75 мл.', 560, '1286.jpg', '<p>Вкусы:<br/>\n<br/>_x000D_\nBERRY BOOM - Безумное трио - черника, клубника, ежевика<br/>_x000D_\nCEREAL HIT - Кукурузные хлопья с медовой сладостью<br/>_x000D_\nDRAGON FLASH - Композиция из плодов спелой малины и свежей мякоти питайи<br/>_x000D_\nSTRAWBERRY STORM - Клубнично-сливочный молочный коктейль<br/>\n<br/>_x000D_\n-Объем: 75 мл.<br/>\n<br/>_x000D_\n-Никотин: 3 мг.<br/>\n<br/>_x000D_\n-VG/PG: 60/40.<br/>\n</p>', 'liquidfree'),
(119, ' Жидкость Cooler Black 120 мл.', 430, '1285.jpg', '<p>Вкусы:<br/>\n<br/>_x000D_\nЯгодная жвачка<br/>_x000D_\nЛедяная вишня<br/>_x000D_\nКлубничный йогурт<br/>_x000D_\nСладкий апельсин<br/>_x000D_\nМятная жвачка<br/>\n<br/>_x000D_\n-Объем: 120 мл.<br/>\n<br/>_x000D_\n-Никотин: 3 мг.<br/>\n<br/>_x000D_\n-VG/PG: 70/30.<br/>\n</p>', 'liquidfree'),
(120, ' Жидкость Clown 60 мл.', 990, '1284.jpg', '<p>Вкусы:<br/>\n<br/>_x000D_\nCrush - апельсин с мандариновой корочкой<br/>_x000D_\nDrolly - виноградные конфетки<br/>_x000D_\nLaffy - леденец со вкусом черники и винограда<br/>_x000D_\nPennywise - клубнично-арбузная жвачка с персиком<br/>_x000D_\nSkitzo - зеленое яблоко в карамели со сливками<br/>_x000D_\nSplitz - банановый крем и сливочное мороженое<br/>_x000D_\nSweet Tooth - сахарная вата в малиновом желе<br/>_x000D_\nTwisty - сливочный йогурт с ягодами<br/>\n<br/>_x000D_\n-Объем: 60 мл.<br/>\n<br/>_x000D_\n-Никотин: 3 мг.<br/>\n<br/>_x000D_\n-VG/PG: 65/35.<br/>\n</p>', 'liquidfree'),
(121, ' Жидкость Born Salt 30 мл.', 360, '1283.jpg', '<p>Вкусы:<br/>\n<br/>_x000D_\nКлубника, земляника. - Потрясающий вкус одной из самых роскошных ягод, которые только можно вырастить у себя в саду - нежный аромат спелой клубники, к которому добавлены лёгкие земляничные нотки. Сладость с лёгкой кислинкой на послевкусии, идеально на каждый день.<br/>\n<br/>_x000D_\nСпелая дыня - Бархатный сезон каждого года можно узнать по изумительному аромату, которым наполняется воздух в местах произрастания дыни сорта \"Торпеда\". Её нежный и ароматный вкус способен покорить любого ценителя фруктов, который решит её попробовать.<br/>\n<br/>_x000D_\nЧерная Смородина - Свежий аромат чёрной смородины, всепоглощающий, с тонкими нотками смородиновых листьев во вкусе не даст заскучать, особенно если в пару к нему добавлен тёрпко-сладкий вкус ежевики. Ароматный ягодный микс на каждый день.<br/>\n<br/>_x000D_\nЗеленое Яблоко - Свежевыжатый сок из спелого зелёного яблока, который способен поразить в самое сердце своим ярким сочетанием характерной узнаваемой кислинки и нежной сладости - устоять будет невозможно. На вкус это словно яркий летний день.<br/>\n<br/>_x000D_\n-Объем: 30 мл.<br/>\n<br/>_x000D_\n-Никотин: 25 мг.<br/>\n<br/>_x000D_\n-VG/PG: 50/50.<br/>\n</p>', 'liquidsalt'),
(122, ' Жидкость Hipster vape 120 мл.  ', 500, '1242.jpg', '<p>Вкусы:<br/>\n<br/>_x000D_\nКарл - Безупречный фреш с добавлением терпкого красного яблока и малины. <br/>\n<br/>_x000D_\nЗакончились:<br/>_x000D_\nЙося - Гармоничное сочетание панна-котты с клубничным соусом. <br/>\n<br/>_x000D_\nТайсон - Креативно сбалансированный шейк из кислого зеленого яблока с яркой нотой грейпфрута, лайма и лимона. <br/>\n<br/>_x000D_\nМажор - Взрывная смесь из свежих лесных ягод, заправленная позитивным настроением.<br/>\n<br/>_x000D_\nВегас - Cочные дольки дыни с йогуртом.<br/>\n<br/>_x000D_\n-Объем: 120 мл.<br/>\n<br/>_x000D_\n-Никотин: 3 мг.<br/>\n<br/>_x000D_\n-VG/PG: 70/30.<br/>\n</p>', 'liquidfree'),
(123, ' Жидкость Humble X 60 мл.', 850, '1239.jpg', '<p>Вкусы:<br/>\n<br/>_x000D_\nBlue Swirl - Летний лимонад со вкусом сочной голубой малины.<br/>\n<br/>_x000D_\nPuckerface - Восхитительный вкус кисло-сладкой мармеладной ленты с ароматом зеленого яблока.<br/>\n<br/>\n<br/>_x000D_\nОбъем: 60 мл.<br/>_x000D_\nКрепость: 3 мг<br/>_x000D_\nVG/PG: 70/30<br/>\n</p>', 'liquidfree'),
(124, ' Жидкость Juice Bar 120 мл.', 340, '1238.jpg', '<p>Вкусы:<br/>\n<br/>_x000D_\n-Grape Bomb- Виноград с малайзийским куллером<br/>\n<br/>_x000D_\n-Blackberry Breeze- Ежевика с малайзийским кулером<br/>\n<br/>_x000D_\n-Cherry Burst Вишня- с малайзийским куллером<br/>\n<br/>_x000D_\n-Объем: 120 мл.<br/>\n<br/>_x000D_\n-Никотин: 3 мг.<br/>\n<br/>_x000D_\n-VG/PG: 70/30.<br/>\n</p>', 'liquidfree'),
(125, ' Жидкость Hardcorn 100 мл.', 320, '1237.jpg', '<p>Вкусы:<br/>\n<br/>_x000D_\n- Жареный карамельный попкорн.<br/>\n<br/>_x000D_\n- Жареный сырный попкорн.<br/>\n<br/>_x000D_\n- Жареный попкорн с клубникой.<br/>\n<br/>_x000D_\n- Жареный попкорн с мёдом.<br/>\n<br/>_x000D_\n- Жареный попкорн с перцем чили.<br/>\n<br/>\n<br/>_x000D_\n-Объем: 100 мл<br/>\n<br/>_x000D_\n-Никотин: 3 мг.<br/>\n<br/>_x000D_\n-VG/PG: 70/30.<br/>\n</p>', 'liquidfree'),
(126, ' Жидкость Atmose Salt  30 мл. ', 420, '1234.jpg', '<p>Вкусы:<br/>_x000D_\n-Mint Party - самый потрясающий вкус из детства, тот самый желанный тик-так<br/>_x000D_\n-Imperator - новый и необычно интересный вкус лимонного пирога<br/>_x000D_\n-Mahorka - сладкий табак с нотками персика, понравится любителям табачных вкусов<br/>_x000D_\n-Chifles - банан в миксе с кондитерским кремом, подойдёт любителям сладенького<br/>_x000D_\n-Amaru - потрясающий вкус сладкой жвачки, переполненной свежестью сочных тропических фруктов<br/>_x000D_\n-Fraga - нежный йогурт, переполненной свежестью сочной спелой клубники<br/>_x000D_\n-Wild - черника, которую дополняют ягоды и маленькая капелька ванили<br/>_x000D_\n-Osk - то самое бабушкино печенье, покрытое корицей<br/>\n<br/>\n<br/>_x000D_\nОбъём: 30 мл<br/>_x000D_\nКрепость: 25 мг<br/>_x000D_\nVG/PG: 50/50<br/>\n</p>', 'liquidsalt'),
(127, ' Жидкость Doctor Grimes 145 мл.', 850, '1233.jpg', '<p>Вкусы:<br/>\n<br/>_x000D_\n-Dark Horse: ШОКОЛАДНО-ЦИТРУСОВАЯ СЛЕЗА БОЕВОГО КОНЯ ТАМПЛИЕРА<br/>_x000D_\n-VooDoo 2.0: УЖАСНЫЙ ЭКСПЕРИМЕНТ ПО СМЕШЕНИЮ СЕЛЬДЕРЕЯ И ТРОПИЧЕСКИХ ФРУКТОВ<br/>_x000D_\n-Drakonoid: ДРЕВНЕКИТАЙСКОЕ ЗЕЛЬЕ НА ОСНОВЕ ДРАКОНЬЕГО ФРУКТА<br/>_x000D_\n-Holy Blood: ГРАНАТОВО-МЯТНАЯ КРОВЬ КОРОЛЯ СЕВЕРА<br/>_x000D_\n-Rino Circles: ФРУКТОВЫЙ ЗАВТРАК ДОСТОЙНЫЙ ТОЛСТОКОЖЕГО РОГАТОГО УБИЙЦЫ<br/>_x000D_\n-Unicorn: КЛУБНИЧНО-САХАРНАЯ КОМА ОТ КИСЫ ИЗ КГБ<br/>_x000D_\n-Circle Pit: КАРАМЕЛЬНО-МИНДАЛЬНОЕ ОРУЖИЕ ПРОТИВ ВТОРЖЕНИЯ ГИГАНТСКИХ МУРАВЬЕВ<br/>_x000D_\n-TerrorBird: КИСЛОТНАЯ, ФРУКТОВО-ЯГОДНАЯ СМЕСЬ ПТИЦЫ-УБИЙЦЫ<br/>_x000D_\n-WolfRadio: МАСЛЯННО-ПРЯНАЯ, ПИТАТЕЛЬНАЯ РАДОСТЬ ДЛЯ ВОЖАКА СТАИ<br/>_x000D_\n-GreenThorn: ПОСТБИОАПОКАЛИПТИЧЕСКИЙ КОКТЕЙЛЬ ИЗ ТРАВ И КИСЛОТ<br/>\n<br/>\n<br/>\n<br/>\n<br/>_x000D_\n-Объем: 120 мл<br/>\n<br/>_x000D_\n-Никотин: 3 мг.<br/>\n<br/>_x000D_\n-VG/PG: 70/30.<br/>\n</p>', 'liquidfree'),
(128, ' Жидкость BORN 120 мл.', 400, '1232.jpg', '<p>Вкусы:<br/>\n<br/>_x000D_\n-Апельсин<br/>\n<br/>_x000D_\n-Клубника <br/>\n<br/>_x000D_\n-Манго<br/>\n<br/>_x000D_\n-Яблоко<br/>\n<br/>_x000D_\n-Черная смородина<br/>\n<br/>\n<br/>\n<br/>_x000D_\n-Объем: 120 мл<br/>\n<br/>_x000D_\n-Никотин: 3 мг.<br/>\n<br/>_x000D_\n-VG/PG: 70/30.<br/>\n</p>', 'liquidfree'),
(129, ' Жидкость TEA 120 мл.', 470, '1231.jpg', '<p>Вкусы:<br/>\n<br/>_x000D_\n-Малина, брусника<br/>\n<br/>_x000D_\n-Черная смородина-вишня<br/>\n<br/>_x000D_\n-Черная смородина, мята<br/>\n<br/>_x000D_\n-Персик <br/>\n<br/>\n<br/>_x000D_\n-Объем: 120 мл<br/>\n<br/>_x000D_\n-Никотин: 3 мг.<br/>\n<br/>_x000D_\n-VG/PG: 70/30.<br/>\n</p>', 'liquidfree'),
(130, ' Жидкость Marauder 100 мл.', 470, '1230.jpg', '<p>Вкусы:<br/>\n<br/>_x000D_\n-Apple Sturm - яблочно-грушевый микс<br/>\n<br/>_x000D_\n-Cherry Bastard - вишневый леденец<br/>\n<br/>_x000D_\n-Gross Donut - клубничный пончик<br/>\n<br/>_x000D_\n-Zyklon Berry - черная смородина в сочетании с анисом<br/>\n<br/>_x000D_\n-Объем: 100 мл<br/>\n<br/>_x000D_\n-Никотин: 0 мг.<br/>\n<br/>_x000D_\n-VG/PG: 70/30.<br/>\n<br/>\n</p>', 'liquidfree'),
(131, ' Жидкость TAKE 120 мл.', 470, '1229.jpeg', '<p>Вкусы:<br/>\n<br/>_x000D_\n-Strawberry Watermelon - вкус нежной, спелой и сладкой арбузной мякоти с сочной клубникой.<br/>_x000D_\n-Cherry Tobacco - бархатный вкус терпкого табачного листа и спелой вишни.<br/>_x000D_\n-Berry Cereal - яркий вкус ягодных хлопьев, щедро сдобренных нежнейшими сливками.<br/>_x000D_\n-Waffle Blueberry - нежнейшая вафля, взбитые сливки и ягоды спелой черники.<br/>_x000D_\n-Tropical Gummy - нежный мармелад с миксом из ароматов тропических фруктов.<br/>_x000D_\n-Cinnamon Cookie - нежный вкус свежего печенья с корицей.<br/>_x000D_\n-Cream Tobacco - Нежное сочетание Табака с кремом<br/>\n<br/>_x000D_\n-Honey Cereal - Изысканный вкус Медовых хлопьев<br/>\n<br/>_x000D_\n-Spicy Tea - Вкус из детства Чая со специями<br/>\n<br/>_x000D_\n-Strawberry Absinthe - Необычный вкус Клубники с абсентом<br/>\n<br/>_x000D_\n-Strawberry Coconut - Бодрящий вкус Клубники с кокосом<br/>\n<br/>_x000D_\n-Watermelon Kiwi - Сочный вкус Арбуза с киви<br/>\n<br/>_x000D_\nОбъем: 120 мл<br/>_x000D_\nКрепость: 3 мг/мл<br/>_x000D_\nСостав: PG 30 / VG 70<br/>\n<br/>_x000D_\nК каждому флакону жидкости прилагается упаковка с органическим хлопком PUFF\'S LAB.<br/>\n</p>', 'liquidfree'),
(132, ' Жидкость NeQri 30 мл. ', 200, '1228.jpg', '<p>Вкусы:<br/>_x000D_\n-Персик<br/>_x000D_\n-Клубника<br/>_x000D_\n-Ментол<br/>_x000D_\n-Кэм микс<br/>_x000D_\n-Маб микс<br/>_x000D_\n-Кен микс<br/>_x000D_\n-Табак турецкий<br/>_x000D_\n-Табак Абсолют<br/>_x000D_\n-Золотая Вирджиния<br/>_x000D_\n-Французская трубка<br/>_x000D_\n-Сигара вишневая<br/>\n<br/>_x000D_\n-Объём: 30 мл.<br/>\n<br/>_x000D_\n-Крепость: 3;6;12 мг.<br/>\n<br/>_x000D_\n-VG/PG: 30/70.<br/>\n</p>', 'liquidfree'),
(133, ' Жидкость Cream Truck 120 мл.', 320, '1203.jpg', '<p>Вкусы:<br/>\n<br/>_x000D_\n-Banana - Мороженое с бананом <br/>\n<br/>_x000D_\n-Black Currant - Мороженое с чёрной смородиной <br/>\n<br/>_x000D_\n-Original - Сливочное мороженое <br/>\n<br/>_x000D_\n-Strawberry - Мороженое с клубникой <br/>\n<br/>_x000D_\nWatermelon - Мороженое с арбузом<br/>\n<br/>_x000D_\n-Объем: 120 мл<br/>\n<br/>_x000D_\n-Никотин: 3 мг.<br/>\n<br/>_x000D_\n-VG/PG: 70/30.<br/>\n</p>', 'liquidfree'),
(134, ' Жидкость Salt Out 30 мл.', 470, '1201.jpg', '<p>Вкусы:<br/>\n<br/>_x000D_\n-Bubble Gum - Холодная клубничная жвачка.<br/>\n<br/>_x000D_\n-Lichi Tea - Личи с белым чаем.<br/>\n<br/>_x000D_\n-Cola Vanila - Ванильная Кола.<br/>\n<br/>_x000D_\n-Cigar - Кубинская сигара.<br/>\n<br/>_x000D_\n-Объем: 30 мл<br/>\n<br/>_x000D_\n-Никотин: 25/50 мг.<br/>\n<br/>_x000D_\n-VG/PG: 50/50.<br/>\n</p>', 'liquidsalt'),
(135, ' Жидкость Maxwells SALT 30 мл.', 450, '1198.jpg', '<p>Вкусы:<br/>\n<br/>_x000D_\n- Shoria Salt - Мята, хвоя и лесные ягоды на солевом никотине.<br/>\n<br/>_x000D_\nДанная жидкость предназначена только для all-in-one систем, таких как ICare 2, Suorin, Mi-Pod, LMC Pulse, а так же MTL баков.<br/>\n</p>', 'liquidfree'),
(136, ' Жидкость Brrr…easy 60 мл.', 440, '1197.jpg', '<p>Вкусы:<br/>\n<br/>_x000D_\n -EXPLOSIVE - Ананасовый взрыв с дыней ￼ <br/>\n<br/>_x000D_\n-GIMMICK - Спелое манго с ананасом ￼ <br/>\n<br/>_x000D_\n-ICE COLA - Вкус колы приправленной кулером ￼ <br/>\n<br/>_x000D_\n-SUNSET - Спелый апельсин +клубничное море ￼<br/>\n<br/>_x000D_\n-Объем: 60 мл<br/>\n<br/>_x000D_\n-Никотин: 3 мг.<br/>\n<br/>_x000D_\n-VG/PG: 70/30.<br/>\n</p>', 'liquidfree'),
(137, ' Жидкость SOLD 100 мл.', 380, '1196.jpg', '<p>Вкусы:<br/>\n<br/>_x000D_\n-Cactus_Berries - Йогурт с кактусом и ягодами.<br/>\n<br/>_x000D_\n-Wild_Mandarin - Яркий и сочный мандарин.<br/>\n<br/>_x000D_\n-Lemon_Twist - Освежающий лимонад с грейпфрутом и лимоном.<br/>\n<br/>_x000D_\n-Объем: 100 мл<br/>\n<br/>_x000D_\n-Никотин: 3 мг.<br/>\n<br/>_x000D_\n-VG/PG: 70/30.<br/>\n</p>', 'liquidfree'),
(138, ' Жидкость X-3 120 мл', 300, '1191.jpg', '<p>Вкусы:<br/>\n<br/>_x000D_\n-Forest Berry – освежающий напиток с ягодным фоном в линейке X-3 Ice Tea.<br/>\n<br/>_x000D_\n-Lychee – творческое сочетание охлаждающего напитка и китайской сливы.<br/>\n<br/>_x000D_\n-Mango – освежающий напиток с ягодным фоном в линейке X-3 Ice Tea.<br/>\n<br/>_x000D_\n-Peach – холодный вариант традиционного черного чая с фруктовым наполнением.<br/>\n<br/>_x000D_\n-Lemonade Raspberry Lemon — экзотический вкус малинового лимонада<br/>\n<br/>_x000D_\n-Объем: 120 мл<br/>\n<br/>_x000D_\n-Никотин: 3 мг.<br/>\n<br/>_x000D_\n-VG/PG: 70/30.<br/>\n</p>', 'liquidfree'),
(139, ' Жидкость DION 120 мл.', 340, '1183.jpg', '<p>Вкусы:<br/>\n<br/>_x000D_\n-American Blue Tobacco- Приятный вкус сигаретного табака<br/>\n<br/>_x000D_\n-Tobacco- Реалистичный вкус натурального табака, который непременно понравится любителям классики<br/>\n<br/>_x000D_\n-Diplomat- Неповторимый вкус элитного табака<br/>\n<br/>_x000D_\n-Объем: 120 мл<br/>\n<br/>_x000D_\n-Никотин: 3/6 мг.<br/>\n<br/>_x000D_\n-VG/PG: 70/30.<br/>\n</p>', 'liquidfree'),
(140, ' Жидкость Jungle Town 120 мл.', 430, '1182.jpg', '<p>Вкусы:<br/>\n<br/>_x000D_\n-CANDY WANDY - Классическое сочетание клубники и сливок<br/>\n<br/>_x000D_\n-HECTOR - Микс из сладкой сангрии с отенками цитрусовых и сочным послевкусием ягод <br/>\n<br/>_x000D_\n-DR JAMA - Апельсиновый сок с клюквенной кислинкой. Освежающий нектар, незаменимый в тропический зной<br/>\n<br/>_x000D_\n-BIG D - Сладкий малиновый джем - изысканный десерт для каждого любителя сладкого<br/>\n<br/>_x000D_\n-VANDAL - Спелая смородина с легким привкусом мяты, простое сочетание на каждый день<br/>\n<br/>_x000D_\n-Объем: 120 мл<br/>\n<br/>_x000D_\n-Никотин: 3 мг.<br/>\n<br/>_x000D_\n-VG/PG: 70/30.<br/>\n<br/>\n</p>', 'liquidfree'),
(141, ' Жидкость One Hit Wonder 100 мл.', 1500, '1171.jpg', '<p>Вкусы:<br/>\n<br/>_x000D_\n- Magic Man - Вкус всеми любимых фруктовых мармеладок.<br/>\n<br/>_x000D_\n- The Man - Молочный крем и свежая земляника. <br/>\n<br/>_x000D_\n- My Man - Ванильное, клубничное и шоколадное мороженое в одном флаконе!<br/>\n<br/>_x000D_\n- Rocket Man - Нежнейший греческий йогурт, свежая высокогорная черника и хрустящие мюсли! <br/>\n<br/>_x000D_\n- The Muffin Man - Сладковатый вкус яблочно-коричного пирога.<br/>\n<br/>_x000D_\n- Island Man - Сладкий микс из тропических фруктов.<br/>\n<br/>_x000D_\n- Muffin Man Mini - Ароматный маффин из свежей клубники только из печки.<br/>\n<br/>_x000D_\n-Объем: 100 мл<br/>\n<br/>_x000D_\n-Никотин: 3 мг.<br/>\n<br/>_x000D_\n-VG/PG: 80/20.<br/>\n</p>', 'liquidfree'),
(142, ' Жидкость Cyberfog 140 мл.', 450, '1170.jpg', '<p>ГНЕВ / HATRED / H.T.R. — чистая табачка, крепкая, без претензий, если же хочется по настоящему ощутить всю терпкость и сильно послевкусие от табака, то вы по адресу. На затяжке начинаешь понимать про какую это карамель говорил производитель, она чудесно сочетается со вкусом табака.<br/>\n<br/>_x000D_\nМОЛОДОСТЬ / YOUTH / Y.T.H. — производитель ассоциирует молодость с молочными реками и полями вкусных и свежих ягод. Это отличный милкшейк с клубникой и земляникой, молочные нотки навеивают приятные воспоминания, к которым хочется возвращаться каждый день и парить снова и снова.<br/>\n<br/>_x000D_\nСКОРОСТЬ / SPEED / S.P.D. — крутое сочетание горького цитруса и сладкой груши, такое простое и достаточно вкусное сочетание, почему его так мало? Дайте еще, хочу литровую бутылку с этой жидкостью.<br/>\n<br/>_x000D_\nХАРДКОР / HARDCORE / H.R.D. — хардкор это когда у тебя в зубах застряло столько орехов, что вытаскивать их, а тем более ходить с ними весь день становиться невозможным. Вкус полон всевозможных оттенков арахиса, которые окунули в кремовую ванну. Но тут на любителя.<br/>\n<br/>_x000D_\n-Объем: 140 мл<br/>\n<br/>_x000D_\n-Никотин: 2,2 мг.<br/>\n<br/>_x000D_\n-VG/PG: 80/20.<br/>\n</p>', 'liquidfree'),
(143, ' Жидкость OHM NOM NOM 120 мл.', 470, '1147.jpg', '<p>-MISTER TEABABE- Освежающий зеленый чай с лесными ягодами и хвоей. Ароматный микс для теплых посиделок холодным зимним вечером.<br/>\n<br/>_x000D_\n-DONUT BREAK- Сочный и сладкий пончик с клубникой – любимое лакомство американских копов. Идеальный рецепт для сладкоежек.<br/>\n<br/>_x000D_\n-LEMONHEAD PIE- Кисло-сладкий лимонный пирог в лучших традициях французской кухни. Превосходное лакомство на каждый день.<br/>\n<br/>_x000D_\n-CHOCO COOKA- Шоколадное печенье с молоком от бабушки Cinderella. Если ты хороший внук или внучка, то обязательно возьми два флакончика. <br/>\n<br/>_x000D_\n-JOHN CINNAMON- Сладкая и нежная булочка с корицей прямо из духовки. В моменты, когда хочется уюта, этот микс всегда должен быть под рукой.<br/>\n<br/>_x000D_\n-CHILLING NUTS- Ассорти из лесных орехов в яблочной глазури. Оригинальный десертный микс для тех, кто предпочитает в меру сладкие жидкости.<br/>\n<br/>_x000D_\n-Объем: 120 мл<br/>\n<br/>_x000D_\n-Никотин: 0 мг.<br/>\n<br/>_x000D_\n-VG/PG: 70/30.<br/>\n</p>', 'liquidfree'),
(144, ' Жидкость BOSHKI 100 мл.', 390, '1146.jpg', '<p>Вкусы:<br/>\n<br/>_x000D_\n-Добрые - сладкий хвойный шербет с лесными ягодами<br/>_x000D_\n-Злые - яркий хвойный лимонад со смородиновым соком <br/>_x000D_\n-Зимние - со вкусом ледяного ананаса с хвоей <br/>_x000D_\n-Чёрные - со вкусом хвойной Кока-Колы<br/>\n<br/>_x000D_\n-Объем: 100 мл<br/>\n<br/>_x000D_\n-Никотин: 3 мг.<br/>\n<br/>_x000D_\n-VG/PG: 70/30.<br/>\n</p>', 'liquidfree'),
(145, ' Жидкость Cooler 60 мл.', 290, '1136.jpg', '<p>— Розовый грейпфрут<br/>\n<br/>_x000D_\n— Кактусовая жвачка<br/>\n<br/>_x000D_\n— Освежающий тархун<br/>\n<br/>_x000D_\n— Спелая малина<br/>\n<br/>_x000D_\n— Натуральный гранат<br/>\n<br/>_x000D_\n-Объем: 60 мл<br/>\n<br/>_x000D_\n-Никотин: 3 мг.<br/>\n<br/>_x000D_\n-VG/PG: 70/30.<br/>\n</p>', 'liquidfree'),
(146, ' Жидкость Vape Tobacco 60 мл.', 390, '1133.jpg', '<p>-West — Вишневый табак с дикого запада<br/>\n<br/>_x000D_\n-North — Табак c ментолом, отражающим суровый характер севера<br/>\n<br/>_x000D_\n-South — Терпкий табак с завораживающим ароматом южного кофе<br/>\n<br/>_x000D_\n-East — Орехово — медовый табак с чарующего востока<br/>\n<br/>_x000D_\n-Объем: 60 мл<br/>\n<br/>_x000D_\n-Никотин: 3/6 мг.<br/>\n<br/>_x000D_\n-VG/PG: 60/40.<br/>\n<br/>\n</p>', 'liquidfree'),
(147, ' Жидкость BIG BRO 120 мл.', 350, '1132.jpg', '<p>-BerryBliss – освежающий коктейль из спелых ягод и яблока с приятными медовыми нотками.<br/>\n<br/>_x000D_\n-CitrusCake – вкусный и ароматный кекс с нотками цитруса и малиновой начинкой.<br/>\n<br/>_x000D_\n-JollyMix – сбалансированное сочетание сладкой дыни и ванили, дополненное миксом из спелых ягод и тропического фрукта.<br/>\n<br/>_x000D_\n-MuffinBoy – свежеиспеченный клубничный маффин с приятными нотками ванили.<br/>\n<br/>_x000D_\n-Panchout – яблочный сок гармонирующий со сладким персиком и тропическим фруктом.<br/>\n<br/>_x000D_\n-Summer Dream - освежающее сочетание сладкого арбуза и спелой малины дополнено прохладным яблочным соком<br/>\n<br/>_x000D_\n-Frosty Cherry - Леденящий коктейль  из спелой вишни и малины с кусочками тропических фруктов<br/>\n<br/>_x000D_\n-Fruit panch - Яркая охлаждающая смесь спелых фруктов с приятным ягодным послевкусием<br/>\n<br/>_x000D_\n-Berry blend - Кисло сладкий ягодный микс с кусочками льда<br/>\n<br/>_x000D_\n-Объем: 120 мл<br/>\n<br/>_x000D_\n-Никотин: 3 мг.<br/>\n<br/>_x000D_\n-VG/PG: 70/30.<br/>\n<br/>\n</p>', 'liquidfree'),
(148, ' Жидкость Jelly Twist 100 мл', 350, '1129.jpg', '<p>-Orange + Strawberry- Апельсиновый мармелад с начинкой из спелой клубники<br/>\n<br/>_x000D_\n-Apple + Lemon- Яблочный мармелад с начинкой из сладкого лимона<br/>\n<br/>_x000D_\n-Cherry + Passion Fruit- Вишневый мармелад с начинкой из спелой маракуйи <br/>\n<br/>_x000D_\n-Peach + Raspberry- Персиковый мармелад с начинкой из малинового джема<br/>\n<br/>_x000D_\n-Объем: 100 мл<br/>\n<br/>_x000D_\n-Никотин: 3 мг.<br/>\n<br/>_x000D_\n-VG/PG: 70/30.<br/>\n</p>', 'liquidfree'),
(149, ' Жидкость Drip Fried 60 мл.', 850, '1111.jpg', '<p>Вкусы:<br/>\n<br/>_x000D_\n-Cream Cake - Золотой бисквит с кремовым наполнителем<br/>\n<br/>_x000D_\n-Объем: 60 мл<br/>\n<br/>_x000D_\n-Никотин: 3 мг.<br/>\n<br/>_x000D_\n-VG/PG: 70/30.<br/>\n</p>', 'liquidfree'),
(150, ' Жидкость Lemon Twist 60 мл.', 850, '1108.jpg', '<p>Вкусы:<br/>\n<br/>_x000D_\n-Pink Punch Lemonade - Лимонад из свежевыжатых лимонов с клубничным сиропом<br/>\n<br/>_x000D_\n-Wild Watermelon Lemonade - Освежающий арбузный лимонад<br/>\n<br/>_x000D_\n-Strawberry Queen - Яркий красный лимонад из сладкой клубники и кислых лимонов<br/>\n<br/>_x000D_\n-Peach Blossom - Сладкий и насыщенный лимонад из нежных персиков<br/>\n<br/>_x000D_\n-Объем: 60 мл<br/>\n<br/>_x000D_\n-Никотин: 3 мг.<br/>\n<br/>_x000D_\n-VG/PG: 70/30.<br/>\n</p>', 'liquidfree'),
(151, ' Жидкость Taboo 60 мл.', 360, '1103.jpg', '<p>Вкусы:<br/>\n<br/>_x000D_\n-LAGUNA- Прохладные сочные кусочки спелой дыни и мякоть личи<br/>\n<br/>_x000D_\n-Millenium- Нежный сливочный милкшейк со сладкой малиной<br/>\n<br/>_x000D_\n-Phantom- Освежающий лимонад с черной смородиной<br/>\n<br/>_x000D_\n- Meduza- Мармеладные червячки со вкусом красного апельсина и диких ягод<br/>\n<br/>_x000D_\n-Объем: 60 мл<br/>\n<br/>_x000D_\n-Никотин: 3 мг.<br/>\n<br/>_x000D_\n-VG/PG: 70/30.<br/>\n</p>', 'liquidfree'),
(152, ' Жидкость Barista 60 мл.', 1250, '1100.jpg', '<p>Вкусы:<br/>\n<br/>_x000D_\n-Прекрасный вкус Macchiatto c карамелью порадует своим нежным вкусом и зарядит энергией на целый день!<br/>\n<br/>_x000D_\n-Barista Cinnamon Glazed Blueberry Scone- потрясающая булочка с корицей и черникой,покрытая глазурью.<br/>\n<br/>_x000D_\n-Объем: 60 мл<br/>\n<br/>_x000D_\n-Никотин: 3 мг.<br/>\n<br/>_x000D_\n-VG/PG: 70/30.<br/>\n</p>', 'liquidfree'),
(153, ' Жидкость Vape Breakfast Classics  120 мл.', 990, '1095.jpg', '<p>Вкусы:<br/>\n<br/>_x000D_\n-Granny\'s Pie - Персиковый хрустящий пирог с заварным кремом<br/>\n<br/>_x000D_\n-French Dude — насыщенный вкус нежнейшего французского тоста со сливочным маслом, посыпанным свежей голубикой. Все это покрывают взбитые сливки и кленовый сироп<br/>\n<br/>_x000D_\n-Pancake Man — пышные блины с маслом, клубникой и взбитыми сливками политые кленовым сиропом<br/>\n<br/>_x000D_\n-Mr. Blintz — блинчики , наполненные сливочным сыром Рикотта, покрытые слоем из зеленых яблок, взбитых сливок и политые вкуснейшим кленовым сиропом<br/>\n<br/>_x000D_\n-Объем: 120 мл<br/>\n<br/>_x000D_\n-Никотин: 3 мг.<br/>\n<br/>_x000D_\n-VG/PG: 80/20.<br/>\n</p>', 'liquidfree'),
(154, ' Жидкость Truevape 100 мл.', 300, '1086.jpg', '<p>Вкусы:<br/>\n<br/>_x000D_\n-Ароматный трубочный табак- Табак, чернослив и лёгкие ноты шоколада однозначно не оставят вас равнодушными, конечно если вы парите табачные жидкости. <br/>\n<br/>_x000D_\n-Пряный десертный табак- На вкус это табачка, сухая и чуть терпкая, с ярким карамельным привкусом и послевкусием специй. На выдохе легко улавливаются ноты корицы. <br/>\n<br/>_x000D_\n-Морозные ягоды- Свежий ягодный микс. Во время парения к запаху добавляется ни с чем не сравнимый аромат куллера. Его не очень много, он создаёт тут только приятную прохладу и не «вынимает» мозг при первой затяжке. <br/>\n<br/>_x000D_\n-Карамельный капучино- Во время парения в нём усиливаются молочные и карамельные ноты, а кофе можно ощутить после небольшой паузы. <br/>\n<br/>_x000D_\n-Черничный маффин- Вкус у жидкости нежно-сливочный, выпечки тут не очень много, а вот черничной пропитки вдоволь. Черника сладкая и приятная, с характерным суховатым привкусом в послевкусии. <br/>\n<br/>_x000D_\n-Малиновый чай- Из пузырька пахнет малиной и ноткой чая. Во вкусе чай ощущается на втором плане, тут всё же больше малины, а точнее малиновых листьев, чуть кисленьких в послевкусии и сладких на выдохе. <br/>\n<br/>_x000D_\n-Клубника со взбитыми сливками- Лёгкий клубничный запах, во время парения к нему добавляются молочные ноты. Идеально подходят для парения «нон-стоп». <br/>\n<br/>_x000D_\n-Ореховый десерт- Из бутылочки пахнет чем-то молочным и чуть кислым. Во вкусе доминирует лесной орех, причём не жареный, а просто высушенный и ещё что-то едва кислое, похожее на лимончик и сладкое одновременно. <br/>\n<br/>_x000D_\n-Лимонный десерт- Жидкость просто пахнет лимонной конфеткой с яркими нотами цедры, во время парения запах становится ещё более сладким, а лимоны становятся похожи на цукаты. <br/>\n<br/>_x000D_\n-Фруктовый сорбет- Из пузырька заметно пахнет фруктовым миксом и сладкими специями, во время парения запах становится ещё более непонятным, с нотами мороженого, ванили и всё тех же секретных фруктов. <br/>\n<br/>_x000D_\n-Заряд бодрости- Из бутылочки пахнет энергетическим напитком, но во время парения запах становится более чётким и ярким. Отличный заряд сил на весь день.<br/>\n<br/>_x000D_\n-Объем: 100 мл<br/>\n<br/>_x000D_\n-Никотин: 3 мг.<br/>\n<br/>_x000D_\n-VG/PG: 70/30.<br/>\n</p>', 'liquidfree'),
(155, ' Жидкость Mixture 59 мл.', 390, '1085.jpg', '<p>Вкусы:<br/>\n<br/>_x000D_\n-Milo- Молочный напиток и леденящая свежесть<br/>_x000D_\n-Litchi- Сочный личи в ледяном плену прохлады<br/>_x000D_\n-Mango-	Свежайшее, спелое манго с кусочками льда<br/>_x000D_\n-Tea- Терпкий чай с не менее бодрящей свежестью<br/>_x000D_\n-Plum- Сочная садовая слива и лед<br/>_x000D_\n-Apple- Сочное, спелое, замороженное зеленое яблоко<br/>_x000D_\n-Lemon- Сочный вкус лимона с ледяной прохладой<br/>_x000D_\n-Kiwi- Спелый киви с кусочками льда<br/>\n<br/>_x000D_\n-Объем: 59 мл<br/>\n<br/>_x000D_\n-Никотин: 0 мг.<br/>\n<br/>_x000D_\n-VG/PG: 70/30.<br/>\n<br/>\n<br/>\n</p>', 'liquidfree'),
(156, ' Жидкость HORNY 65 мл.', 690, '1070.jpg', '<p>Вкусы:<br/>\n<br/>_x000D_\n-HORNY PINEAPPLE - Истинный тонкий тропический вкус ананаса. Идеальный баланс сладости и свежести в этой жидкости создан для удовольствия и релакса. <br/>\n<br/>_x000D_\n-HORNY PINEBERRY - Великолепное сочетание яркого ананаса, сладкой клубники и сочной дыни. Действительно уникальный вкус. <br/>\n<br/>_x000D_\n-HORNY POMBERRY - Смесь клубничной сладости, уникального вкуса мангостина и дыни удивит ваши рецепторы мощным ароматным взрывом. <br/>\n<br/>_x000D_\n-HORNY MANGO - Более похотливого манго не найти нигде и никогда - специальный малазийский рецепт с фирменным арктическим холодом влюбит в себя навечно и заставит требовать больше и больше этого прекрасного сока желаний. <br/>\n<br/>_x000D_\n-HORNY STRAWBERRY - Прекрасный своей насыщенностью органичный аромат свежего клубничного джема, потрясающе сочного и холодного, словно его только что вынули из морозилки. Тает во рту, а не в руках! <br/>\n<br/>_x000D_\n-HORNY RED APPLE - Сочное ароматное яблоко переплетается с прохладой и уносит вас прочь, в страну прекрасного и счастливого блаженства.<br/>\n<br/>_x000D_\n-Объём: 65 мл.<br/>\n<br/>_x000D_\n-Крепость: 0 мг.<br/>\n<br/>_x000D_\n-VG/PG: 50/50.<br/>\n</p>', 'liquidfree'),
(157, ' Жидкость Tradewinds 60 мл.', 500, '1067.jpg', '<p>Вкусы:<br/>\n<br/>_x000D_\n- Cameroon - это пряные табачные нотки с мягким привкусом корицы.<br/>\n<br/>_x000D_\n- Scandinavian Cured - это аромат молодого табака из Скандинавии с медовыми нотками.<br/>\n<br/>_x000D_\n- Turkish - это аромат турецкого табака, высушенного под палящим солнцем, с мягкими нотками дуба.<br/>\n<br/>_x000D_\n- Tuscan Grape - это тонкий аромат тосканской сигары с фруктовыми нотками белого винограда.<br/>\n<br/>_x000D_\n- Havana - это терпкий аромат знаменитых кубинских сигар.<br/>\n<br/>_x000D_\n- Carolina - это насыщенный аромат настоящего американского табака с плантаций Южной Каролины.   <br/>\n<br/>_x000D_\n- Carolina Cool - это аромат настоящего американского табака с плантаций Южной Каролины и морозной мяты.   <br/>\n<br/>_x000D_\n-Texas - Это эксклюзивный вкус для тех, кто любил сигареты, но решил завязать с курением.<br/>\n<br/>\n<br/>_x000D_\n-Объём: 60 мл.<br/>\n<br/>_x000D_\n-Крепость: 6 мг.<br/>\n<br/>_x000D_\n-VG/PG: 50/50.<br/>\n</p>', 'liquidfree'),
(158, ' Жидкость Maxwell\'s 120 мл.', 900, '1066.jpg', '<p>Вкусы:<br/>\n<br/>_x000D_\n-Shoria- Мята, хвоя и лесные ягоды.<br/>\n<br/>_x000D_\n-Shoria Winter- Морозная мята, хвоя и лесные ягоды.<br/>\n<br/>_x000D_\n-Rich Waterberry- Дыня, арбуз и клубничный джем.<br/>\n<br/>_x000D_\n-Altay- Освежающий чёрный чай со сладким смородиновым вареньем и лёгкой кислинкой.<br/>\n<br/>_x000D_\n-Pink- Натуральный прохладный сладкий лимонад на малине.<br/>\n<br/>_x000D_\n-Объём: 120 мл.<br/>\n<br/>_x000D_\n-Крепость: 0/3 мг.<br/>\n<br/>_x000D_\n-VG/PG: 60/40.<br/>\n</p>', 'liquidfree'),
(159, ' Жидкость Caliber 58 мл.', 400, '1065.jpg', '<p>Вкусы:<br/>\n<br/>_x000D_\n-Strawberry Dessert- Кремовый десерт с клубникой<br/>_x000D_\n-Banana Pie- Банановый пирог<br/>_x000D_\n-Breakfast Cereal- Американский завтрак с ягодно-цитрусовой кислинкой.<br/>_x000D_\n-Bourbon &amp; Nuts- Бурбон, орехи с кремом<br/>_x000D_\n-Blueberry Donut- Пончик с черничной глазурью<br/>\n<br/>_x000D_\n-Объём: 58 мл.<br/>\n<br/>_x000D_\n-Крепость: 0 мг.<br/>\n<br/>_x000D_\n-VG/PG: MAX VG<br/>\n</p>', 'liquidfree'),
(160, ' Жидкость The Scandalist 58 мл.  ', 560, '1046.jpg', '<p>Вкусы:<br/>\n<br/>_x000D_\n-Apple Jesus Печеное яблоко с корицей<br/>\n<br/>_x000D_\n-Ex’s Heart Жвачка, киви, малина<br/>\n<br/>_x000D_\n-Pop The Glock	Тост с маслом и джемом<br/>\n<br/>_x000D_\n-The New Yorker	Маффин с лимоном<br/>\n<br/>_x000D_\n-Объём: 58 мл.<br/>\n<br/>_x000D_\n-Крепость: 0 мг.<br/>\n<br/>_x000D_\n-VG/PG: 75/25.<br/>\n</p>', 'liquidfree'),
(161, ' Жидкость USSR 100 мл.', 350, '1001.jpg', '<p>Вкусы:<br/>\n<br/>_x000D_\n-Ириска<br/>_x000D_\n-Традиционный кисель <br/>_x000D_\n-Рассыпчатое печенье <br/>_x000D_\n-Пышка <br/>_x000D_\n-Пирожок с повидлом <br/>_x000D_\n-Ягодный морс <br/>_x000D_\n-Ореховый батончик <br/>\n<br/>_x000D_\n-Объём: 100 мл.<br/>\n<br/>_x000D_\n-Крепость: 3 мг.<br/>\n<br/>_x000D_\n-VG/PG: 70/30.<br/>\n</p>', 'liquidfree'),
(162, ' Жидкость Zombie Party 120 мл.', 420, '999.jpg', '<p>Вкусы:<br/>\n<br/>_x000D_\n-Bubble Gum <br/>_x000D_\n-Черешня с миндалем <br/>_x000D_\n-Дикий кактус <br/>_x000D_\n-Попкорн <br/>_x000D_\n-Смузи Малина-Клубника <br/>_x000D_\n-Экстракт трав <br/>\n<br/>_x000D_\n-Объём: 120 мл.<br/>\n<br/>_x000D_\n-Крепость: 3 мг.<br/>\n<br/>_x000D_\n-VG/PG: 70/30.<br/>\n</p>', 'liquidfree'),
(163, ' Жидкость Hover 60 мл.', 250, '1089.jpg', '<p>Вкусы:<br/>\n<br/>_x000D_\n-DONUTS - Ароматный пончик.<br/>\n<br/>_x000D_\n-FOREST BERRIES - Лесные ягоды<br/>\n<br/>_x000D_\n-TROPICAL MIX - Сочное манго.<br/>\n<br/>_x000D_\n-WAFFLES - Вафли с клубничным сиропом.<br/>\n<br/>_x000D_\n-Объём: 60 мл.<br/>\n<br/>_x000D_\n-Крепость: 0 мг.<br/>\n<br/>_x000D_\n-VG/PG: 70/30.<br/>\n</p>', 'liquidfree'),
(164, ' Жидкость Газ. вода 60 мл.', 350, '1024.jpg', '<p>Вкусы:<br/>\n<br/>_x000D_\n-Байкал <br/>_x000D_\n-Буратино <br/>_x000D_\n-Дюшес  <br/>_x000D_\n-Крем сода <br/>_x000D_\n-Ситро <br/>_x000D_\n-Тархун <br/>\n<br/>_x000D_\n-Объём: 60 мл.<br/>\n<br/>_x000D_\n-Крепость: 3 мг.<br/>\n<br/>_x000D_\n-VG/PG: 70/30.<br/>\n</p>', 'liquidfree'),
(165, ' Жидкость Vape Nation 120 мл.', 320, '1014.jpg', '<p>Вкусы:<br/>\n<br/>_x000D_\n- Виноградный баблгам <br/>_x000D_\n- Кислые яблочные червячки <br/>_x000D_\n- Клубника-дыня <br/>_x000D_\n- Клубничный йогурт <br/>_x000D_\n- Ледяной манго <br/>_x000D_\n- Ледяной нектарин <br/>_x000D_\n- Лимонный пирог <br/>_x000D_\n- Молоко с печеньем <br/>_x000D_\n- Черничный пончик <br/>_x000D_\n- Ягодный чизкейк<br/>\n<br/>_x000D_\n-Объем: 120 мл<br/>\n<br/>_x000D_\n-Никотин: 3 мг<br/>\n<br/>_x000D_\n-VG/PG - 80/20<br/>\n</p>', 'liquidfree'),
(166, ' Жидкость BOOM 120 мл.', 320, '1027.jpg', '<p>-Малиновый чизкейк<br/>_x000D_\n-Ледяная клубника<br/>_x000D_\n-Банановый чизкейк<br/>_x000D_\n-Яблочный микс<br/>_x000D_\n-Тропический микс<br/>_x000D_\n-Сочная дыня<br/>\n<br/>_x000D_\n-Объём: 120 мл.<br/>\n<br/>_x000D_\n-Крепость: 3 мг.<br/>\n<br/>_x000D_\n-VG/PG: 80/20.<br/>\n</p>', 'liquidfree'),
(167, ' Жидкость BANG 120 мл.', 320, '922.jpg', '<p>Strawberry pie - клубничный пирог<br/>_x000D_\nRaspberry pie - малиновый пирог<br/>_x000D_\nBlackberry pie - ежевичный пирог<br/>_x000D_\nClassic pie - пирог без ягод<br/>_x000D_\nApple pie - яблочный пирог<br/>_x000D_\nBanana pie - банановый пирог<br/>\n<br/>_x000D_\nVG/PG - 80/20<br/>_x000D_\nОбъем: 120 мл<br/>_x000D_\nНикотин: 3 мг<br/>\n</p>', 'liquidfree'),
(168, ' Жидкость CUBE 120 мл.', 390, '920.jpg', '<p>Вкусы:<br/>\n<br/>_x000D_\n#11 - Вкус четырёх удивительно мягких, сливочных кремов и дополнен экстрактом свежей клубники. <br/>\n<br/>_x000D_\n#22 - Нежное сливочное мороженное посыпанное лепестками ароматного хрустящего миндаля. <br/>\n<br/>_x000D_\n#33 -  Мягкое сочетание сахарного печенья с топлёным молоком и нежными нотками варёной сгущёнки.<br/>\n<br/>_x000D_\n#44 - Вкусы яркого арбуза, сочного киви и душистой клубники. <br/>\n<br/>_x000D_\n-Объём: 120 мл.<br/>\n<br/>_x000D_\n-Крепость: 3 мг.<br/>\n<br/>_x000D_\n-VG/PG: 80/20.<br/>\n</p>', 'liquidfree'),
(169, ' Жидкость Candy King 100 мл.', 1100, '1028.jpg', '<p>Вкусы:<br/>\n<br/>_x000D_\n-Swedish - Цветные фруктовые мармеладные рыбки.<br/>\n<br/>_x000D_\n-Strawberry Watermelon - Легендарная жвачка Hubba-Bubba.<br/>\n<br/>_x000D_\n-Sour Worms - Кисло-сладкие фруктовые мармеладные червячки.<br/>\n<br/>_x000D_\n-Belts - Очень кислая мармеладная лента со вкусом клубники.<br/>\n<br/>_x000D_\n-Batch - Кислая лимонная конфета.<br/>\n<br/>_x000D_\n-Объём: 100 мл.<br/>\n<br/>_x000D_\n-VG/PG: 70/30.<br/>\n<br/>_x000D_\n-Никотин: 3 мг.<br/>\n</p>', 'liquidfree'),
(170, ' Жидкость Jam Monster 100 мл.', 1050, '1030.jpeg', '<p>Вкусы:<br/>\n<br/>_x000D_\n-Blueberry - Теплый тост с маслом и черничным джемом.<br/>\n<br/>_x000D_\n-Strawberry - Теплый тост с маслом и клубничным джемом.<br/>\n<br/>_x000D_\n-Apple - Тост с маслом и яблочным джемом.<br/>\n<br/>_x000D_\n-Grape - Тост с маслом и виноградным джемом.<br/>\n<br/>_x000D_\n-Объём: 100 мл.<br/>\n<br/>_x000D_\n-Крепость: 3 мг.<br/>\n<br/>_x000D_\n-VG/PG: 75/25.<br/>\n</p>', 'liquidfree'),
(171, ' Жидкость Zenith Orion 120 мл.', 1700, '1019.jpg', '<p>Нежный вкус малинового лимонада.<br/>\n<br/>_x000D_\n-Объём: 120 мл.<br/>\n<br/>_x000D_\n-Никотин: 3 мг.<br/>\n<br/>_x000D_\n-VG/PG: Max VG.<br/>\n</p>', 'liquidfree'),
(172, ' Жидкость Naked 60 мл.', 990, '1031.jpg', '<p>Вкусы:<br/>\n<br/>_x000D_\n-Green Blast - Взрывное трио с кислинкой, сладость дыни и пикантность киви завершает хрустящее зеленое яблоко.<br/>\n<br/>_x000D_\n-Lava Flow - Соблазнительное тропическое сочетание свежей клубники, ананаса и освежающего кокоса.<br/>\n<br/>_x000D_\n-Hawallan POG - Тропический коктейль из маракуйи, сочного апельсина и ароматной гуавы.<br/>\n<br/>_x000D_\n-Amazing Mango - Восхитительное смузи из сочного манго и персика с оттенком сливочного крема.<br/>\n<br/>_x000D_\n-All Melon - Прекрасное трио из арбуза, медовой дыни и дыни Канталупе.<br/>\n<br/>_x000D_\n-Объём: 60 мл.<br/>\n<br/>_x000D_\n-Крепость: 3 мг.<br/>\n<br/>_x000D_\n-VG/PG: 70/30.<br/>\n</p>', 'liquidfree');
INSERT INTO `products` (`id`, `Name`, `Price`, `Image`, `Desc`, `Type`) VALUES
(173, ' Жидкость Humble 120 мл.', 1300, '1034.jpg', '<p>Вкусы:<br/>\n<br/>_x000D_\n-Humble Crumble — черничный пирог с хрустящей корочкой, посыпанный корицей.<br/>\n<br/>_x000D_\n-Vape The Rainbow — фруктовый щербет.<br/>\n<br/>_x000D_\n-Hop Scotch — сладкая ириска с заварным кремом и ванилью.<br/>\n<br/>_x000D_\n-Smash Mouth — клубника и заварной крем.<br/>\n<br/>_x000D_\n-Donkey Kahn — клубнично-банановый смузи.<br/>\n<br/>_x000D_\n-American Dream — хрустящие фруктовые снэки.<br/>\n<br/>_x000D_\n-Berry Blow Doe — малиново-черничный леденец.<br/>\n<br/>_x000D_\n-Unicorn Treats — вкус кукурузных хлопьев Lucky Сharms со сладкими маршмеллоу.<br/>\n<br/>_x000D_\n-Sweater Puppets — манго, дыня.<br/>\n<br/>_x000D_\n-Объём: 120 мл.<br/>\n<br/>_x000D_\n-Крепость: 3 мг.<br/>\n<br/>_x000D_\n-VG/PG: 80/20.<br/>\n</p>', 'liquidfree'),
(174, ' Жидкость Bad Drip 60 мл.', 990, '1017.jpg', '<p>Вкусы:<br/>\n<br/>_x000D_\n-Drip Cereal - Вкус воздушного и сладкого пончика.<br/>_x000D_\n-Farleys Gnarly Sauce - Терпкий вкус свежего киви, наполненный ярким соком клубники.<br/>_x000D_\n-Ugly Butter - Душистая корица и банановый пудинг.<br/>_x000D_\n-Bad Blood - Коктейль из черники, граната и воздушной ванили.<br/>_x000D_\n-Don’t Care Bear - Необычное сочетание знаменитых мармеладных мишек, сладкой дыни, сочной груши и ароматного персика.<br/>\n<br/>\n<br/>_x000D_\n-Объем: 60 мл.<br/>\n<br/>_x000D_\n-Никотин: 3 мг.<br/>\n<br/>_x000D_\n-VG/PG: 75/25.<br/>\n<br/>\n</p>', 'liquidfree'),
(175, ' Жидкость Atmos 30 мл.', 190, '1042.jpg', '<p>Вкусы:<br/>\n<br/>_x000D_\n-Amaru – потрясающий вкус сладкой жвачки переполненной свежестью сочных тропических фруктов. <br/>\n<br/>_x000D_\n-Chifles — Банан в миксе с кондитерским кремом и карамелью.<br/>\n<br/>_x000D_\n-OSK — то самое бабушкино свежевыпеченное овсяное печенье покрытое корицей, ничего лишнего.<br/>\n<br/>_x000D_\n-Mint Party – самый потрясающий вкус из детства, тот самый желанный TICTAC.<br/>\n<br/>_x000D_\n-WILD — свежая, только что собранная черника, которую дополняют лесные ягоды и маленькая капелька ванили.<br/>\n<br/>_x000D_\n-Imperator — новый и необычно интересный вкус лимонного пирога. <br/>\n<br/>_x000D_\n-FRAGA – нежный вкус йогурта переполненный свежестью сочной и спелой клубники.<br/>\n<br/>_x000D_\n-Объём: 30 мл.<br/>\n<br/>_x000D_\n-Крепость: 0; 3; 6 мг.<br/>\n<br/>_x000D_\n-VG/PG: 70/30.<br/>\n</p>', 'liquidfree'),
(176, ' Дрипка Psyclone Mods Citadel RDA (клон) ', 900, '1277.jpg', '<p>CITADEL RDA 22mm by Psyclone Mods - Клон 1:1<br/>_x000D_\nЦвета: сталь <br/>_x000D_\nВ наличии : с прозрачным или ультем кэпом <br/>_x000D_\nДиаметр: 22мм<br/>_x000D_\nКонструкция из нержавеющей стали AISI316<br/>_x000D_\nPeek изоляторы<br/>_x000D_\nРегулируемый обдув<br/>_x000D_\nВозможность установки койлов реверсом, либо 2 койлов<br/>\n<br/>_x000D_\nКомплектация:<br/>_x000D_\nКэп<br/>_x000D_\nдека <br/>_x000D_\nдриптип 510-й<br/>_x000D_\nСквонк пин<br/>_x000D_\nЗапасные винты и оринги<br/>_x000D_\nУльтем изолятор.<br/>\n</p>', 'Drips'),
(177, ' Дрипка Pandora RDA (клон)', 1000, '1249.jpg', '<p>Pandora by Psychosis Inc – Очень интересная дрипка от новичков на рынке RDA.<br/>_x000D_\nВнешне дрипка не сильно выделяется – это всё тот же корпус, украшенный одной гравировкой с логотипом.Но главное то, что внутри. А внутри нас встречает база с двумя спаренными стойками, отверстия в которых располагаются в ряд. Такой подход упрощает установку спиралей, поэтому даже новичку не составит труда разместить коил прямиком посередине отверстий обдува. Каждое отверстие имеет 3 мм в диаметре, так что даже самая сабомная намоточка окажется зажатой. Обдув – это отдельная история. Забор воздуха происходит через нижние слоты, проделывает довольно большой путь в основании дрипки и только потом выходит через слоты в базе. Но и это не конец – в топ-кэпе установлена невероятная космическая конструкция, которая, по заявлению производителя, призвана помочь Pandora передавать вкус ещё лучше.<br/>\n<br/>_x000D_\nХарактеристики: <br/>\n<br/>_x000D_\nТип продукта: RDA <br/>_x000D_\nПроизводитель: Psychosis Inc (Clone) <br/>_x000D_\nТип обдува: Нижний <br/>_x000D_\nСопротивление настраиваемое <br/>_x000D_\nРегулировка подачи воздуха: Да <br/>_x000D_\nКоличество спиралей: 2 <br/>_x000D_\nМатериал корпуса Нержавеющая Сталь <br/>_x000D_\nСовместимость / разъем 510 <br/>_x000D_\nДиаметр: 25 мм <br/>_x000D_\nГабариты: 42*25*25 мм <br/>_x000D_\nЦвета в наличии: Стальной, Чёрный, Золотой <br/>\n<br/>_x000D_\nКомплектация:<br/>\n<br/>_x000D_\nPandora RDA<br/>_x000D_\nРемкомплект<br/>_x000D_\nУпаковка<br/>\n</p>', 'Drips'),
(178, ' Дрипка Reload X RDA (клон)', 900, '1248.jpg', '<p>Reload X RDA — двуспиральная дрипка от компании Reload Vapor. Превосходная вкусопередача благодаря нижнему обдуву и в то же время хитрая конструкция, исключающая протечки при переливе жидкости. Дрипка работает с обычными и со сквонк-модами, пины есть в комплекте. Диаметр составляет 24 мм. <br/>\n<br/>_x000D_\nДрипка состоит из 810 дрип-типа, выполненного из дельрина, купола с отверстиями обдува и базы. Настройка обдува осуществляется поворотом кольца регулировки, расположенного на верхней части купола. Благодаря тому, что отверстия забора воздуха расположены сверху, уменьшается вероятность протечки жидкости через них.<br/>\n<br/>_x000D_\nНа базе расположены четыре стойки с отверстиями для установки ножек спиралей. Коилы устанавливаются вертикально и фиксируются шестигранными винтами. Между стойками расположены отвестия обдува. На дне ванночки можно увидеть отверстие, из которого подается жидкость при использовании дрипки в режиме сквонка. При нажатии на бутылочку жидкость подается не наверх, а в стороны, как раз на хвосты ваты, а излишек уходит обратно во флакон.<br/>\n<br/>\n</p>', 'Drips'),
(179, ' Дрипка Broadside Culverin RDA (клон)', 900, '1247.jpg', '<p>Culverin RDA это дрипка от компании Broadside, с классическими стойками и минималистичным дизайном, способная к гибридному соединению с одноименным мехмодом или с версией Admiral.<br/>\n<br/>_x000D_\nСнаружи нас встречает строгий корпус на 25 мм в диаметре и “скругленный” 810 безоринговый дриптип. Чуть ниже виднеются два отверстия обдува, регулируемые поворотом купола. Высота устройства с учет родного дриптипа составляет 35 мм.<br/>\n<br/>_x000D_\nПод куполом разместились две массивные стойки с очень большими отверстиями для установки ножек спирали – плюсовая выполнена из меди, а минусовая из нержавеющей стали. Culverin рассчитана на работу с двумя койлами, обдуваемыми сбоку через срезы в ванночке. Стоит отметить, что при установке спиралей среднего размера, есть возможность разместить их ниже, прямо напротив обдува, что улучшает вкусопередачу. Если же использовать массивные койлы, то их проще поднять чуть выше, тогда обдув станет свободнее, а количество пара возрастет.<br/>\n<br/>_x000D_\nНиже купола располагается специальное кольцо, скрутив которое появляется возможность использовать Culverin в гибридном соединении с мехмодами Broadside и Admiral. При этом, сетап получается довольно компактным по высоте, с минимумом частей и узлов.<br/>\n<br/>_x000D_\nВ целом, Culverin выдержал стиль предыдущих устройств от Broadside, получив строгий и приятный дизайн, ставший визитной карточкой компании. Дрипка порадует своей простотой и надежностью, а способность к гибридному соединению может вызвать интерес у владельцев одноименных мехмодов.<br/>\n</p>', 'Drips'),
(180, ' Дрипка Apocalypse GEN 1 RDA (клон)', 900, '1246.jpg', '<p>Apocalypse RDA от брендаArmageddon MFG – качественный и эргономичный вейпинг-девайс, удовлетворяющий потребностям любого продвинутого пользователя. Однако и парильщикам с небольшим опытом самостоятельного обслуживания атомайзера Apocalypse RDA (клон) by Armageddon MFG понравится. Глубокая вкусопередача, отличная база, совместимость с подавляющим большинством современных модов и приятный экстерьер – весомые аргументы в пользу приобретения дрипки именно этой модели.<br/>\n</p>', 'Drips'),
(181, ' Дрипка Reload V1.5 RDA(клон) ', 1000, '1226.jpg', '<p>Многие производители, в борьбе за покупателя, стараются увеличить рабочую область своих дрипок — больше обдув, шире стойки, чтобы в них влезли массивные спирали. Reload Vapor USA решила пойти по другому пути и сделала продукт, где не надо заморачиваться с жирным билдом. VSRT рассказывает о Reload V1.5, которая невероятно вкусная даже с простыми спиралями.<br/>_x000D_\nБаза здесь самое интересное. Стойки и трубки обдува стоят нестандартно, можно сказать, вывернуто. Благодаря такому положению и получается добиться отличного вкуса.Reload V1.5 — отличный продукт, который заслужил свою популярность. Да, иногда она подтекает и позолота рано или поздно сотрется но тот вкус, что она позволяет ощутить, того стоит. Каждая жидкость здесь раскрывается по-новому благодаря отличной базе, не требующей особых спиралей и лишних танцев с бубном.<br/>\n</p>', 'Drips'),
(182, ' Дрипка Vandy Vape Phobia RDA (клон) ', 1200, '1225.jpg', '<p>Основные характеристики:<br/>\n<br/>_x000D_\nСопротивление атомайзера: настраиваемое<br/>_x000D_\nОбдув: настраиваемый<br/>_x000D_\nОбъём: 1 мл<br/>_x000D_\nМатериал: нержавеющая сталь<br/>_x000D_\nРазмеры: 24 мм * 34 мм<br/>_x000D_\nВес: ~40 гр<br/>_x000D_\nПроизводитель: Vandy Vape<br/>\n<br/>_x000D_\nКомплектация:<br/>\n<br/>_x000D_\n1 дрип атомайзер<br/>_x000D_\n1 переходник на дрип типы стандарта 510<br/>_x000D_\n2 отвёртки<br/>_x000D_\n1 ремкомплект<br/>_x000D_\n1 центральный контакт для сквонков<br/>_x000D_\n1 подарочная упаковка<br/>\n</p>', 'Drips'),
(183, ' Дрипка Cosmonaut RDA (клон) ', 1000, '1125.jpg', '<p>Дрипка Cosmonaut (Космонавт) получилась одновременно и удобна в обслуживании и вкусной <br/>\n<br/>_x000D_\nУдобство обслуживания заключается в бесстоечной базе, в которую установить спирали не составляет больших трудностей. Да ванночка у этой дрипки очень и очень мала, но это ей можно простить.<br/>\n<br/>_x000D_\nДрипка Cosmonaut(Космонавт) имеет отличную вкусопередачу благодаря своему обдуву, он здесь нижний-боковой благодаря чему пар идет столбом как из трубы что очень позитивно сказывается на вкусе!<br/>\n<br/>\n</p>', 'Drips'),
(184, ' Дрипка Kennedy 25 (клон)', 900, '724.jpg', '<p>Характеристики: <br/>_x000D_\nДиаметр: 25 мм <br/>_x000D_\nВес: 72 г <br/>_x000D_\nВысота (с комплектным дрип-типом): 38 мм <br/>_x000D_\nВарианты цвета: латунь, медь, сталь <br/>_x000D_\nДрип-тип: 810. <br/>_x000D_\nТип стоек: двухстоечная.<br/>_x000D_\nОбдув: нижний <br/>\n<br/>\n</p>', 'Drips'),
(185, ' Дрипка Kennedy 22 (клон)', 900, '910.jpg', '<p>Характеристики: <br/>_x000D_\nДиаметр: 22 мм <br/>_x000D_\nВес: 57 г <br/>_x000D_\nВысота (с комплектным дрип-типом): 38 мм <br/>_x000D_\nВарианты цвета: латунь, медь, сталь <br/>_x000D_\nДрип-тип: 510. <br/>_x000D_\nТип стоек: трехстоечная <br/>_x000D_\nОбдув: нижний<br/>\n<br/>\n</p>', 'Drips'),
(186, ' Дрипка Derringer (клон)', 450, '503.jpg', '<p>Характеристики: <br/>_x000D_\nДиаметр: 22 мм  <br/>_x000D_\nВес: 25 г <br/>_x000D_\nВысота (с комплектным дрип-типом): 18 мм <br/>_x000D_\nВарианты цвета: стальной<br/>_x000D_\nДрип-тип: 510. <br/>_x000D_\nТип стоек: трехстоечная. <br/>_x000D_\nОбдув: боковой<br/>\n<br/>\n</p>', 'Drips'),
(187, ' Дрипка Kennedy 24 (клон)', 900, '414.jpg', '<p>Характеристики: <br/>_x000D_\nДиаметр: 24 мм <br/>_x000D_\nВес: 65 г <br/>_x000D_\nВысота (с комплектным дрип-типом): 38 мм <br/>_x000D_\nВарианты цвета: латунь, медь, сталь<br/>_x000D_\nДрип-тип: 810. <br/>_x000D_\nТип стоек: двухстоечная. <br/>_x000D_\nОбдув: нижний<br/>\n<br/>\n</p>', 'Drips'),
(188, ' Табачные стики HEETS для IQOS', 145, '1217.jpg', '<p>-YELLOW LABEL- (ранее PARLIAMENT BLUE) - классический вкус;<br/>\n<br/>_x000D_\n-TURQUOISE LABEL- (ранее PARLIAMENT FRESH) – ментоловый вкус;<br/>\n<br/>_x000D_\n-PURPLE LABEL - ментоловый вкус с фруктово-ягодными нотами;<br/>\n<br/>_x000D_\n-AMBER LABEL - вариация на тему табачных ароматов, более насыщенная по сравнению с YELLOW LABEL;<br/>\n</p>', 'Shit'),
(189, ' Зарядное устройство LiitoKala Lii-402', 1070, '1210.jpg', '<p>Характеристики:<br/>\n<br/>_x000D_\nВход: 5В, 2А<br/>_x000D_\nВыходной ток: 500 - 4акб, 700 - 3акб, 1000 - 2акб, 2000 - 1акб.<br/>_x000D_\nНапряжение заряда - 1,48 ±0,05В (3.8V)<br/>_x000D_\nНапряжение заряда - 3,65 ±0,05В (3.2V)<br/>_x000D_\nНапряжение заряда - 4,2 ±0,05В (3.7V)<br/>_x000D_\nНапряжение заряда - 4,35 ±0,05В (3.8V)<br/>_x000D_\nНапряжение USB - 5 ±0,3В<br/>_x000D_\nМаксимальный выходной ток USB - 1000мА<br/>_x000D_\nТемпературный режим, °С: 0 - 40<br/>_x000D_\nГабариты: 112мм * 90мм * 30мм<br/>_x000D_\nВес: 110г<br/>\n<br/>_x000D_\nКомплектация:<br/>_x000D_\nЗарядное устройство<br/>_x000D_\nКабель USB - microUSB<br/>\n</p>', 'Shit'),
(190, ' Зарядное устройство LiitoKala Lii-202 ', 750, '1127.jpg', '<p>Основные особенности:<br/>_x000D_\n— 2 независимых канала зарядки со встроенной системой управления, которая обеспечивает высокую эффективность;<br/>_x000D_\n— Micro USB вход; USB выход (1A 5V) для зарядки ваших мобильных устройств;<br/>_x000D_\n— Два режима зарядки: 0.5A, 1A;<br/>_x000D_\n— Светодиодные индикаторы показывают процесс зарядки и тип аккумулятора;<br/>_x000D_\n— Идентифицирует поврежденные батареи; <br/>_x000D_\n— Встроенная схема защиты от перезаряда, переплюсовки и защита от короткого замыкания.<br/>\n<br/>_x000D_\nЗарядное устройство LiitoKala Lii-202 совместимо с литий-ионными аккумуляторами 10440, 14500, 16340, 17355, 17500, 17670, 18490, 18650, 22650, 26500, 26650, а так же аккумуляторами Ni-MH и NiCd: A, AA, AAA, SC.<br/>_x000D_\nВходное напряжение: DC 5V;<br/>_x000D_\nВходной ток: 2A;<br/>_x000D_\nВыходное напряжение: 4,35 / 4.20V / 3.65V / 1.48V;<br/>_x000D_\nВыходной ток: 0.5A / 1A;<br/>_x000D_\nВыход USB: 5V, 1A.<br/>\n</p>', 'Shit'),
(191, ' Зарядное устройство LiitoKala Lii-100', 450, '1126.jpg', '<p>Зарядное устройство Liitokala Lii-100 предназначена для зарядки LiIon (4.2 и 3.35В), LiFePo4, NiCd и NiMh аккумуляторов.<br/>_x000D_\nЗарядка однослотовая. Продавец в спецификациях заявляет поддержку следующих форматов аккумуляторов:<br/>_x000D_\n10440 (AAA), 17670, 18490, 16340 (RCR123), 14500 (AA), 18350, 18650. <br/>_x000D_\nРасстояние между плюсовым (неподвижным) и минусовым контактом (подвижным) изменяется от 33 до 70 мм. Ширина устройства позволяет заряжать так же аккумуляторы типоразмером 26650.<br/>_x000D_\nЗаярядные токи 0.5 и 1А.<br/>_x000D_\nУстройство может работать в режиме повербанка. Такой режим возможен только при использовании литиевых аккумуляторов.<br/>_x000D_\nВходной разъем зарядного устройства micro USB.<br/>_x000D_\nВыходной - USB.<br/>_x000D_\nИмеется автоматическое определение типа аккумулятора. Естественно, что автоматически можно определить никелевую химию. Если вставлен не никель, выбирается LiIon 3.7 (4.2) В.<br/>_x000D_\nВыбор LiFePo4 или LiIon 4/85 (4.35) В возможен только вручную. Выбор типа аккумулятора производится кратковременным нажатием единственной кнопки \"SELECT\".<br/>_x000D_\nНажатие этой же кнопки в течение более двух секунд приводит к переключению зарядного тока.<br/>_x000D_\nИндикаторы типа химии так же используются для индикации уровня заряда (разряда) аккумулятора 25, 50, 75 и 100%.<br/>_x000D_\nВо время заряда никелевых аккумуляторов все индикаторы, кроме \"100%\" постоянно светятся, а индикатор \"100%\" мигает до и зажигается после окончания заряда.<br/>\n<br/>\n</p>', 'Shit'),
(192, ' Кнопка для El Thunder ', 400, '931.jpg', '<p>Кнопка с системой защиты от нагара на АКБ<br/>\n</p>', 'Shit'),
(193, ' Чехол для EGO', 150, '865.jpg', '<p>Подвес-чехол на шею для электронной сигареты.<br/>\n</p>', 'Shit'),
(194, ' Подвес для EGO', 100, '864.jpg', '<p>Подвес на шею для электронной сигареты.<br/>\n</p>', 'Shit'),
(195, ' USB-зарядка для EGO', 100, '862.jpg', '<p>Основные характеристики:<br/>\n<br/>_x000D_\n-Входящее напряжение: 5 В, 500 mAh.<br/>_x000D_\n-Напряжение на выходе: 4,2 В, 420 mAh.<br/>_x000D_\n-Портов для зарядки: 1.<br/>\n</p>', 'Shit'),
(196, ' Дрип-тип Steel Vape 810', 400, '825.jpg', '<p>Основные характеристики:<br/>\n<br/>_x000D_\nТип: 810<br/>_x000D_\n-Внешний диаметр верхней части: 17 мм.<br/>_x000D_\n-Внешний диаметр нижней части: 13 мм.<br/>\n</p>', 'Shit'),
(197, ' Наклейки', 350, '824.jpg', '<p>Наклейки для вашего девайса!<br/>\n</p>', 'Shit'),
(198, ' Summit кэп', 150, '734.jpg', '<p>Сменная крышка-купол для атомайзеров.<br/>\n<br/>_x000D_\n-22 мм. Делрин - 150 р<br/>_x000D_\n-24 мм. Делрин - 150 р<br/>_x000D_\n-22 мм. Металл - 250 р<br/>_x000D_\n-24 мм. Металл - 250 р<br/>\n</p>', 'Shit'),
(199, ' Переходник 510-EGO', 150, '733.jpg', '<p>Переходник 510-eGO позволяет использовать аккумуляторы и моды с 510 - коннектором вместе с атомайзерами, клиромайзерами с коннектором eGo.<br/>\n</p>', 'Shit'),
(200, ' Радиатор', 200, '732.png', '<p>Устанавливается между батарейным блоком и атомайзером. Практически незаменимая вещь для парения на высоких мощностях.<br/>\n<br/>_x000D_\nДиаметр: 22 мм и 25 мм<br/>_x000D_\nМатериал: нержавеющая сталь<br/>_x000D_\nЦвет: стальной и черный<br/>\n</p>', 'Shit'),
(201, ' Оправа для намотки ', 200, '730.jpg', '<p>Для намотки спиралей.<br/>\n<br/>_x000D_\nДиаметры от 1,5 до 3,5 мм<br/>\n</p>', 'Shit'),
(202, ' Зарядное устройство Efest LUC V4', 1800, '625.jpg', '<p>Кол-во слотов для зарядки: 4 <br/>_x000D_\nТок заряда: 2 слота по 2.0 A или 4 слота по 0.5 A/1.0 A <br/>_x000D_\nФорматы аккумуляторов: 18650, 26650 и пр. <br/>_x000D_\nТипы заряжаемых аккумуляторов: Li-Ion <br/>_x000D_\nВходной ток: 12 V 2.0 A <br/>\n<br/>_x000D_\nВес (без АКБ): 193 г <br/>_x000D_\nДлина: 135 мм <br/>_x000D_\nШирина: 111 мм <br/>_x000D_\nВысота: 32 мм<br/>\n<br/>\n</p>', 'Shit'),
(203, ' Термоусадка', 30, '617.jpg', '<p>Термоусадочная пленка позволяет продлить жизнь вашим аккумуляторам формата 18650 с поврежденной изоляцией, которые становится опасно использовать.<br/>\n<br/>_x000D_\n-Удалите старую изоляцию.<br/>_x000D_\n-Вставьте аккумулятор в новую термоусадку.<br/>_x000D_\n-Нагрейте феном или зажигалкой (начиная нагревать с большого расстояния).<br/>\n<br/>\n</p>', 'Shit'),
(204, ' Зарядное устройство Efest LUC V6', 2100, '603.jpg', '<p>Кол-во слотов для зарядки: 6 <br/>_x000D_\nТок заряда: 2 слота по 2.0 A или 6 слотов по 0.68 A<br/>_x000D_\nФорматы аккумуляторов: 18650, 26650 и пр. <br/>_x000D_\nТипы заряжаемых аккумуляторов: Li-Ion <br/>_x000D_\nВходной ток: 12 V 2.0 A <br/>\n<br/>_x000D_\nВес (без АКБ): 273 г <br/>_x000D_\nДлина: 135 мм <br/>_x000D_\nШирина: 152 мм <br/>_x000D_\nВысота: 32 мм<br/>\n<br/>\n</p>', 'Shit'),
(205, ' Вейп бенд', 50, '642.jpg', '<p>Характеристики:<br/>\n<br/>_x000D_\n-Размер универсальный под баки 22-23 мм.<br/>_x000D_\n-Цвет в ассортименте.<br/>\n</p>', 'Shit'),
(206, ' Пинцет керамический', 250, '310.jpg', '<p>Универсальный пинцет для обслуживания атомайзеров.<br/>\n</p>', 'Shit'),
(207, ' Бокорезы Plato', 200, '913.jpg', '<p>Кусачки с тонкими лезвиями для обслуживания атомайзеров и намотки спиралей.<br/>\n</p>', 'Shit'),
(208, ' Дриптипы 510 и 810 в ассортименте ', 100, '307.jpg', '<p>Дриптипы 510 - 100 рублей.<br/>_x000D_\nДриптипы BDC тип 1 - 150 рублей.<br/>_x000D_\nДриптипы Металлические - 200 рублей.<br/>_x000D_\nДриптипы Сборные - 200 рублей.<br/>_x000D_\nДрип-тип 810 GOON - 400 рублей.<br/>_x000D_\nДрип-тип 810 Kennedy - 400 рублей.<br/>_x000D_\nДрип-тип 810 TFV8 - 400 рублей.<br/>_x000D_\nДрип-тип 810 ZHANDOU - 400 рублей.<br/>\n</p>', 'Shit'),
(209, ' Стекла для баков', 200, '306.jpg', '<p>Сменные стекла в ассортименте:<br/>_x000D_\nSMOK TFV-4<br/>_x000D_\nSMOK TFV-4 Mini<br/>_x000D_\nSMOK TFV-4 Micro<br/>_x000D_\nSMOK TFV-4 Plus Micro<br/>_x000D_\nSMOK TFV-4 Nano<br/>_x000D_\nSMOK TFV-8<br/>_x000D_\nSMOK TFV-8 Baby<br/>_x000D_\nSMOK TFV-8 Big Baby<br/>_x000D_\nBillow v2<br/>_x000D_\nBillow v3<br/>_x000D_\nBillow v2 Nano<br/>_x000D_\nZephyrus <br/>_x000D_\nZephyrus v2<br/>_x000D_\nMelo 2<br/>_x000D_\nMelo 3<br/>_x000D_\nMelo 3 Mini<br/>_x000D_\niJust 2<br/>_x000D_\niJust S<br/>_x000D_\nGriffin 22<br/>_x000D_\nGriffin 25<br/>_x000D_\nCrius 22<br/>_x000D_\nCrius Plus<br/>_x000D_\nLimitless RDTA<br/>_x000D_\nLimitless Plus RDTA<br/>_x000D_\nSubtank Mini<br/>_x000D_\nSubtank Nano<br/>_x000D_\nToptank Mini<br/>_x000D_\nToptank Nano<br/>_x000D_\nKayfun v3 Mini<br/>\n</p>', 'Shit');

--
-- Индексы сохранённых таблиц
--

--
-- Индексы таблицы `items`
--
ALTER TABLE `items`
  ADD PRIMARY KEY (`id`);

--
-- Индексы таблицы `menu`
--
ALTER TABLE `menu`
  ADD PRIMARY KEY (`id`);

--
-- Индексы таблицы `menu_child`
--
ALTER TABLE `menu_child`
  ADD PRIMARY KEY (`id`);

--
-- Индексы таблицы `products`
--
ALTER TABLE `products`
  ADD PRIMARY KEY (`id`);

--
-- AUTO_INCREMENT для сохранённых таблиц
--

--
-- AUTO_INCREMENT для таблицы `items`
--
ALTER TABLE `items`
  MODIFY `id` int(11) NOT NULL AUTO_INCREMENT;

--
-- AUTO_INCREMENT для таблицы `menu`
--
ALTER TABLE `menu`
  MODIFY `id` int(111) NOT NULL AUTO_INCREMENT, AUTO_INCREMENT=10;

--
-- AUTO_INCREMENT для таблицы `menu_child`
--
ALTER TABLE `menu_child`
  MODIFY `id` int(111) NOT NULL AUTO_INCREMENT, AUTO_INCREMENT=13;

--
-- AUTO_INCREMENT для таблицы `products`
--
ALTER TABLE `products`
  MODIFY `id` int(111) NOT NULL AUTO_INCREMENT, AUTO_INCREMENT=210;
COMMIT;

/*!40101 SET CHARACTER_SET_CLIENT=@OLD_CHARACTER_SET_CLIENT */;
/*!40101 SET CHARACTER_SET_RESULTS=@OLD_CHARACTER_SET_RESULTS */;
/*!40101 SET COLLATION_CONNECTION=@OLD_COLLATION_CONNECTION */;
